"Sample","rs11745383","rs10054562","rs6893772","rs12659717","rs13362486","rs62368944","rs10058449","rs35148638","rs3804239","rs2271235","rs9293487","rs66507804","rs10942502","rs62368949","rs1896694","rs10071944","rs10045850","rs1973017","rs16902632","rs62368950","rs4421140","rs2923742","rs10067098","rs3827607","rs72783711","rs2230641","rs3093816","rs3093809","rs116454645","rs10065575","rs2641385","rs7702514","rs62368955","rs62368956","rs4428447","rs62367571","rs7704035","rs7728691","rs4605823","rs112755386","rs34734977"
"HG00105",1,1,1,1,1,1,1,1,1,1,1,0,1,1,1,0,1,1,1,1,1,0,1,1,0,1,1,0,1,1,0,0,1,1,0,1,0,0,0,0,0
"HG00107",0,0,0,0,0,0,0,0,0,0,0,0,0,0,0,0,0,0,0,0,0,0,0,0,0,0,0,0,0,0,0,0,0,0,0,0,0,0,0,0,0
"HG00115",1,1,1,2,1,1,1,1,0,1,1,1,2,1,1,1,2,1,1,0,1,0,2,1,1,1,2,1,0,2,0,1,1,1,1,1,1,1,1,0,1
"HG00132",1,1,1,1,1,1,1,1,1,1,1,0,1,1,1,0,1,1,1,1,1,0,1,1,0,1,1,0,1,1,0,0,1,1,0,1,0,0,0,0,0
"HG00145",1,1,1,1,1,1,1,1,1,1,1,0,1,1,1,0,1,1,1,0,1,0,1,1,0,1,1,0,0,1,0,0,1,1,0,1,0,0,0,0,1
"HG00157",0,0,0,0,0,0,0,0,0,0,0,0,0,0,0,0,0,0,0,0,0,0,0,0,0,0,0,0,0,0,0,0,0,0,0,0,0,0,0,0,0
"HG00181",0,0,0,0,0,0,0,0,0,0,0,0,0,0,0,0,0,0,0,0,0,0,0,0,0,0,0,0,0,0,0,0,0,0,0,0,0,0,0,0,0
"HG00308",1,1,1,1,1,1,1,1,0,1,1,1,1,1,1,0,1,1,1,0,1,0,1,1,1,0,1,0,0,1,0,0,0,0,0,0,1,1,1,0,1
"HG00365",1,1,1,1,1,1,1,0,0,1,1,1,1,1,1,1,1,1,1,0,0,0,1,1,1,0,1,1,0,1,0,1,0,0,1,0,1,1,1,0,1
"HG00371",0,0,0,0,0,0,0,0,0,0,0,0,0,0,0,0,0,0,0,0,0,0,0,0,0,0,0,0,0,0,0,0,0,0,0,0,0,0,0,0,1
"HG00379",1,1,1,1,1,1,1,0,0,1,1,1,1,1,1,1,1,1,1,0,0,1,1,1,1,0,1,1,0,1,1,1,0,0,1,0,1,1,1,0,0
"HG00380",1,1,1,1,1,1,1,1,1,1,1,0,1,1,1,0,1,1,1,0,1,0,1,1,0,1,1,0,0,1,0,0,1,1,0,1,0,0,0,0,0
"HG01789",1,1,1,1,1,1,1,1,1,1,1,0,1,1,1,0,1,1,1,0,1,0,1,1,0,1,1,0,0,1,0,0,1,1,0,1,0,0,0,0,1
"HG01790",1,1,1,1,1,1,1,1,1,1,1,0,1,1,1,0,1,1,1,1,1,0,1,1,0,1,1,0,1,1,0,0,1,1,0,1,0,0,0,0,0
"HG01791",0,0,0,0,0,0,0,0,0,0,0,0,0,0,0,0,0,0,0,0,0,0,0,0,0,0,0,0,0,0,0,0,0,0,0,0,0,0,0,0,1
"HG02215",2,2,2,2,2,2,2,0,0,2,2,2,2,2,2,2,2,2,2,0,0,0,2,2,2,0,2,2,0,2,0,2,0,0,2,0,2,2,2,1,1
"NA06985",2,2,2,2,2,2,2,1,1,2,2,1,2,2,2,1,2,2,2,0,1,0,2,2,1,1,2,1,0,2,0,1,1,1,1,1,1,1,1,1,1
"NA07346",0,1,0,1,0,1,1,1,0,0,0,0,0,0,0,0,0,0,0,0,0,0,1,0,0,0,0,0,0,0,0,0,0,0,0,0,0,0,0,0,0
"NA11832",1,1,1,1,1,1,1,1,1,1,1,0,1,1,1,0,1,1,1,1,1,0,1,1,0,1,1,0,1,1,0,0,1,1,0,1,0,0,0,0,0
"NA11840",0,0,0,1,1,1,0,1,0,0,0,0,1,0,0,0,1,1,0,0,1,1,0,0,0,0,0,0,0,0,1,0,0,0,0,0,0,0,0,0,0
"NA11881",0,0,0,0,0,0,0,0,0,0,0,0,0,0,0,0,0,0,0,0,0,1,0,0,0,0,0,0,0,0,1,0,0,0,0,0,0,0,0,0,0
"NA11918",1,1,1,1,1,1,1,0,0,1,1,1,1,1,1,1,1,1,1,0,0,0,1,1,1,0,1,1,0,1,0,1,0,0,1,0,1,1,1,0,1
"NA12005",2,2,2,2,2,2,2,1,1,2,2,1,2,2,2,1,2,2,2,1,1,0,2,2,1,1,2,1,2,2,0,0,2,2,0,2,0,0,0,0,0
"NA12156",1,1,1,1,1,1,1,0,0,1,1,1,1,1,1,1,1,1,1,0,0,0,1,1,1,0,1,1,0,1,0,0,0,0,0,0,0,0,0,0,0
"NA12234",1,1,1,1,1,1,1,0,0,1,1,1,1,1,1,1,1,1,1,0,0,0,1,1,1,0,1,1,0,1,0,1,0,0,1,0,1,1,1,0,0
"NA12760",2,2,2,2,2,2,2,1,1,2,2,1,2,2,2,1,2,2,2,0,1,0,2,2,1,1,2,1,0,2,0,1,1,1,1,1,1,1,1,1,1
"NA12762",0,1,1,1,1,1,0,0,0,1,0,0,0,0,0,0,0,0,0,0,0,1,1,1,0,0,0,0,0,1,1,0,0,0,0,0,0,0,0,0,0
"NA12776",0,0,0,0,0,0,0,0,0,0,0,0,0,0,0,0,0,0,0,0,0,0,0,0,0,0,0,0,0,0,0,0,0,0,0,0,0,0,0,0,0
"NA12813",0,0,0,1,0,0,0,1,0,0,0,0,1,0,0,0,1,0,0,0,1,0,1,0,0,1,1,0,0,1,0,0,1,1,0,1,0,0,0,0,0
"NA18488",0,0,0,0,1,1,0,0,0,0,0,0,0,0,1,0,0,0,0,0,0,0,1,0,0,0,0,0,0,1,0,0,0,0,0,0,0,0,0,0,0
"NA19092",0,2,2,2,2,2,0,0,0,2,0,0,0,0,0,0,0,1,0,0,0,0,2,2,0,0,0,0,0,2,0,0,0,0,0,0,0,0,1,0,1
"NA19141",0,1,1,1,1,1,0,0,0,1,0,0,0,0,0,0,0,0,0,0,0,0,1,1,0,0,0,0,0,1,0,0,0,0,0,1,0,0,0,0,0
"NA19143",1,1,1,1,1,1,1,0,0,1,1,1,1,1,1,1,1,1,1,0,0,0,1,1,0,0,1,0,0,1,0,0,0,0,0,0,0,0,0,0,0
"NA19144",0,1,1,1,1,1,0,0,0,1,0,0,0,0,0,0,0,0,0,1,0,0,1,1,0,0,0,0,0,1,0,0,0,0,0,0,0,0,0,0,0
"NA19153",0,0,0,0,0,0,0,0,0,0,0,0,0,0,0,0,0,0,0,0,0,0,0,0,0,0,0,0,0,0,0,0,0,0,0,0,0,0,0,0,0
"NA19159",0,1,1,1,1,1,0,0,0,1,0,0,0,0,0,0,0,0,0,0,0,0,1,1,0,0,0,0,0,1,0,0,0,0,0,0,0,0,0,0,0
"NA19184",0,0,0,0,1,1,0,0,0,0,0,0,0,0,1,0,0,0,0,0,0,0,1,0,0,0,0,0,0,1,0,0,0,0,0,0,0,0,0,0,0
"NA19201",0,2,2,2,2,2,0,0,0,2,0,0,0,0,0,0,0,0,0,0,0,0,2,2,0,0,1,0,0,1,0,0,2,2,0,2,0,0,0,0,0
"NA19206",0,0,0,0,0,0,0,0,0,0,0,0,0,0,0,0,0,0,0,0,0,0,0,0,0,0,0,0,0,2,0,0,0,0,0,0,0,0,0,0,0
"NA19210",0,1,1,1,1,1,0,0,0,1,0,0,0,0,0,0,0,0,0,0,0,0,1,1,0,0,0,0,0,1,0,0,0,0,0,0,0,0,0,0,0
"NA19214",2,2,2,2,2,2,2,0,0,2,2,2,2,2,2,2,2,2,2,0,0,0,2,2,0,0,2,0,0,2,0,0,0,0,0,0,0,1,1,0,1
"NA20514",0,0,0,0,0,0,0,0,0,0,0,0,0,0,0,0,0,0,0,0,0,0,0,0,0,0,0,0,0,0,0,0,0,0,0,0,0,0,0,0,0
"HG00096",0,0,0,0,0,0,0,0,0,0,0,0,0,0,0,0,0,0,0,0,0,0,0,0,0,0,0,0,0,0,0,0,0,0,0,0,0,0,0,0,0
"HG00097",0,1,1,2,1,1,0,1,0,1,0,0,1,0,0,0,1,0,0,0,1,0,2,1,0,1,1,0,0,2,0,0,1,1,0,1,0,0,0,0,0
"HG00099",2,2,2,2,2,2,2,2,2,2,2,0,2,2,2,0,2,2,2,1,2,0,2,2,0,2,2,0,1,2,0,0,2,2,0,2,0,0,0,0,0
"HG00100",1,1,1,1,1,1,1,0,0,1,1,1,1,1,1,1,1,1,1,0,0,0,1,1,1,0,1,1,0,1,0,1,0,0,1,0,1,1,1,1,1
"HG00101",1,1,1,1,1,1,1,1,1,1,1,0,1,1,1,0,1,1,1,1,1,0,1,1,0,1,1,0,1,1,0,0,1,1,0,1,0,0,0,0,0
"HG00102",1,1,1,1,1,1,1,1,1,1,1,0,1,1,1,0,1,1,1,1,1,0,1,1,0,1,1,0,1,1,0,0,1,1,0,1,0,0,0,0,0
"HG00103",2,2,2,2,2,2,2,1,1,2,2,1,2,2,2,1,2,2,2,1,1,0,2,2,1,1,2,1,1,2,0,1,1,1,1,1,1,1,1,0,1
"HG00104",0,0,0,0,0,0,0,0,0,0,0,0,0,0,0,0,0,0,0,0,0,0,0,0,0,0,0,0,0,0,0,0,0,0,0,0,0,0,0,0,0
"HG00106",1,1,1,1,1,1,1,0,0,1,1,1,1,1,1,1,1,1,1,0,0,0,1,1,1,0,1,1,0,1,0,1,0,0,1,0,1,1,1,1,1
"HG00108",0,0,0,0,0,0,0,0,0,0,0,0,0,0,0,0,0,0,0,0,0,1,0,0,0,0,0,0,0,0,1,0,0,0,0,0,0,0,0,0,0
"HG00109",0,0,0,0,0,0,0,0,0,0,0,0,0,0,0,0,0,0,0,1,0,0,0,0,0,0,0,0,0,0,0,0,0,0,0,0,0,0,0,0,0
"HG00110",2,2,2,2,2,2,2,1,1,2,2,1,2,2,2,1,2,2,2,1,1,0,2,2,1,1,2,1,1,2,0,0,1,1,0,1,0,0,0,0,0
"HG00111",2,2,2,2,2,2,2,1,1,2,2,1,2,2,2,1,2,2,2,1,1,0,2,2,1,1,2,1,1,2,0,1,1,1,1,1,1,1,1,0,0
"HG00112",0,0,0,0,0,0,0,0,0,0,0,0,0,0,0,0,0,0,0,0,0,1,0,0,0,0,0,0,0,0,1,0,0,0,0,0,0,0,0,0,0
"HG00114",0,0,0,0,0,0,0,0,0,0,0,0,0,0,0,0,0,0,0,0,0,1,0,0,0,0,0,0,0,0,1,0,0,0,0,0,0,0,0,0,0
"HG00116",0,0,0,0,0,0,0,0,0,0,0,0,0,0,0,0,0,0,0,1,0,0,0,0,0,0,0,0,0,0,0,0,0,0,0,0,0,0,0,0,0
"HG00117",1,1,1,1,1,1,1,1,1,1,1,0,1,1,1,0,1,1,1,1,1,0,1,1,0,1,1,0,1,1,0,0,1,1,0,1,0,0,0,0,0
"HG00118",0,0,0,0,0,0,0,0,0,0,0,0,0,0,0,0,0,0,0,0,0,0,0,0,0,0,0,0,0,0,0,0,0,0,0,0,0,0,0,0,0
"HG00119",0,0,0,0,0,0,0,0,0,0,0,0,0,0,0,0,0,0,0,0,0,1,0,0,0,0,0,0,0,0,1,0,0,0,0,0,0,0,0,0,0
"HG00120",0,0,0,0,0,0,0,0,0,0,0,0,0,0,0,0,0,0,0,1,0,0,0,0,0,0,0,0,0,0,0,0,0,0,0,0,0,0,0,0,0
"HG00121",1,1,1,1,1,1,1,0,0,1,1,1,1,1,1,1,1,1,1,0,0,0,1,1,1,0,1,1,0,1,0,1,0,0,1,0,1,1,1,0,0
"HG00122",1,1,1,1,1,1,1,1,1,1,1,0,1,1,1,0,1,1,1,1,1,0,1,1,0,1,1,0,1,1,0,0,1,1,0,1,0,0,0,0,1
"HG00123",1,1,1,1,1,1,1,0,0,1,1,1,1,1,1,1,1,1,1,0,0,0,1,1,1,0,1,1,0,1,0,1,0,0,1,0,1,1,1,0,0
"HG00124",2,2,2,2,2,2,2,1,1,2,2,1,2,2,2,1,2,2,2,1,1,0,2,2,1,1,2,1,1,2,0,1,1,1,1,1,1,1,1,1,1
"HG00125",2,2,2,2,2,2,2,1,1,2,2,1,2,2,2,1,2,2,2,0,1,0,2,2,1,1,2,1,0,2,0,1,1,1,1,1,1,1,1,0,0
"HG00126",0,0,0,0,0,0,0,0,0,0,0,0,0,0,0,0,0,0,0,0,0,0,0,0,0,0,0,0,0,0,0,0,0,0,0,0,0,0,0,0,0
"HG00127",1,2,1,2,2,2,2,0,0,2,2,2,2,2,2,2,2,2,2,0,0,0,2,2,2,0,2,2,0,2,0,1,0,0,1,0,1,1,1,0,0
"HG00128",2,2,2,2,2,2,2,1,1,2,2,1,2,2,2,1,2,2,2,0,1,0,2,2,1,1,2,1,0,2,0,1,1,1,1,1,1,1,1,1,1
"HG00129",0,0,0,0,0,0,0,0,0,0,0,0,0,0,0,0,0,0,0,0,0,0,0,0,0,0,0,0,0,0,0,0,0,0,0,0,0,0,0,0,0
"HG00130",0,0,0,0,0,0,0,0,0,0,0,0,0,0,0,0,0,0,0,0,0,0,0,0,0,0,0,0,0,0,0,0,0,0,0,0,0,0,0,0,0
"HG00131",1,1,1,1,1,1,1,1,1,1,1,0,1,1,1,0,1,1,1,0,1,0,1,1,0,1,1,0,1,1,0,0,1,1,0,1,0,0,0,0,0
"HG00133",1,1,1,1,1,1,1,0,0,1,1,1,1,1,1,1,1,1,1,0,0,0,1,1,1,0,1,1,0,1,0,1,0,0,1,0,1,1,1,1,1
"HG00134",0,0,0,0,0,0,0,0,0,0,0,0,0,0,0,0,0,0,0,0,0,1,0,0,0,0,0,0,0,0,1,0,0,0,0,0,0,0,0,0,0
"HG00135",1,1,1,1,1,1,1,1,1,1,1,0,1,1,1,0,1,1,1,1,1,0,1,1,0,1,1,0,1,1,0,0,1,1,0,1,0,0,0,0,0
"HG00136",0,0,0,0,0,0,0,0,0,0,0,0,0,0,0,0,0,0,0,0,0,0,0,0,0,0,0,0,0,0,0,0,0,0,0,0,0,0,0,0,0
"HG00137",1,1,1,1,1,1,1,0,0,1,1,1,1,1,1,1,1,1,1,0,0,0,1,1,1,0,1,1,0,1,0,1,0,0,1,0,1,1,1,1,1
"HG00138",0,0,0,0,0,0,0,0,0,0,0,0,0,0,0,0,0,0,0,0,0,1,0,0,0,0,0,0,0,0,1,0,0,0,0,0,0,0,0,0,0
"HG00139",2,2,2,2,2,2,2,1,1,2,2,1,2,2,2,1,2,2,2,1,1,0,2,2,1,1,2,1,1,2,0,1,1,1,1,1,1,1,1,0,0
"HG00141",2,2,2,2,2,2,2,1,1,2,2,1,2,2,2,1,2,2,2,0,1,0,2,2,1,1,2,1,0,2,0,1,1,1,1,1,1,1,1,1,1
"HG00142",0,0,0,0,0,0,0,0,0,0,0,0,0,0,0,0,0,0,0,0,0,1,0,0,0,0,0,0,0,0,1,0,0,0,0,0,0,0,0,0,0
"HG00143",1,1,1,1,1,1,1,0,0,1,1,1,1,1,1,1,1,1,1,0,0,0,1,1,1,0,1,1,0,1,0,1,0,0,1,0,1,1,1,1,1
"HG00146",0,0,0,0,0,0,0,0,0,0,0,0,0,0,0,0,0,0,0,0,0,0,0,0,0,0,0,0,0,0,0,0,0,0,1,0,1,1,1,0,1
"HG00148",1,1,1,1,1,1,1,1,1,1,1,0,1,1,1,0,1,1,1,0,1,0,1,1,0,1,1,0,0,1,0,0,1,1,0,1,0,0,0,0,0
"HG00149",2,2,2,2,2,2,2,2,2,2,2,0,2,2,2,0,2,2,2,2,2,0,2,2,0,2,2,0,2,2,0,0,2,2,0,2,0,0,0,0,0
"HG00150",1,1,1,1,1,1,1,1,1,1,1,0,1,1,1,0,1,1,1,0,1,0,1,1,0,1,1,0,0,1,0,0,1,1,0,1,0,0,0,0,0
"HG00151",1,1,1,1,1,1,1,1,1,1,1,0,1,1,1,0,1,1,1,1,1,0,1,1,0,1,1,0,1,1,0,0,1,1,0,1,0,0,0,0,0
"HG00152",1,1,1,1,1,1,1,1,1,1,1,0,1,1,1,0,1,1,1,0,1,1,1,1,0,1,1,0,0,1,1,0,1,1,0,1,0,0,0,0,0
"HG00154",0,0,0,0,0,0,0,0,0,0,0,0,0,0,0,0,0,0,0,0,0,2,0,0,0,0,0,0,0,0,2,0,0,0,0,0,0,0,0,0,0
"HG00155",2,2,2,2,2,2,2,1,1,2,2,1,2,2,2,1,2,2,2,1,1,0,2,2,1,1,2,1,1,2,0,1,1,1,1,1,1,1,1,0,0
"HG00156",2,2,2,2,2,2,2,2,1,2,2,1,2,2,2,0,2,2,2,1,2,0,2,2,1,1,2,0,1,2,0,0,1,1,0,1,1,1,1,0,2
"HG00158",0,0,0,0,0,0,0,0,0,0,0,0,0,0,0,0,0,0,0,0,0,1,0,0,0,0,0,0,0,0,1,0,0,0,0,0,0,0,0,0,0
"HG00159",0,0,0,0,0,0,0,0,0,0,0,0,0,0,0,0,0,0,0,0,0,1,0,0,0,0,0,0,0,0,1,0,0,0,0,0,0,0,0,0,0
"HG00160",2,2,2,2,2,2,2,2,2,2,2,0,2,2,2,0,2,2,2,1,2,0,2,2,0,2,2,0,1,2,0,0,2,2,0,2,0,0,0,0,0
"HG00171",1,1,1,1,1,1,1,1,1,1,1,0,1,1,1,0,1,1,1,0,1,0,1,1,0,1,1,0,0,1,0,0,1,1,0,1,0,0,0,0,0
"HG00173",1,1,1,1,1,1,1,1,1,1,1,0,1,1,1,0,1,1,1,0,1,0,1,1,0,1,1,0,0,1,0,0,1,1,0,1,0,0,0,0,0
"HG00174",1,1,1,1,1,1,1,1,1,1,1,0,1,1,1,0,1,1,1,0,1,0,1,1,0,1,1,0,0,1,0,0,1,1,0,1,0,0,0,0,0
"HG00176",0,0,0,0,0,0,0,0,0,0,0,0,0,0,0,0,0,0,0,0,0,0,0,0,0,0,0,0,0,0,0,0,0,0,0,0,0,0,0,0,0
"HG00177",0,0,0,0,0,0,0,0,0,0,0,0,0,0,0,0,0,0,0,0,0,1,0,0,0,0,0,0,0,0,1,0,0,0,0,0,0,0,0,0,0
"HG00178",1,1,1,1,1,1,1,1,1,1,1,0,1,1,1,0,1,1,1,1,1,0,1,1,0,1,1,0,1,1,0,0,1,1,0,1,0,0,0,0,0
"HG00179",0,0,0,0,0,0,0,0,0,0,0,0,0,0,0,0,0,0,0,0,0,0,0,0,0,0,0,0,0,0,0,0,0,0,0,0,0,0,0,0,0
"HG00180",1,1,1,1,1,1,1,1,1,1,1,0,1,1,1,0,1,1,1,1,1,0,1,1,0,1,1,0,1,1,0,0,1,1,0,1,0,0,0,0,0
"HG00182",1,1,1,1,1,1,1,1,1,1,1,0,1,1,1,0,1,1,1,0,1,0,1,1,0,1,1,0,0,1,0,0,1,1,0,1,0,0,0,0,0
"HG00183",1,1,1,1,1,1,1,1,1,1,1,0,1,1,1,0,1,1,1,0,1,0,1,1,0,1,1,0,0,1,0,0,1,1,0,1,0,0,0,0,0
"HG00185",1,1,1,1,1,1,1,1,1,1,1,0,1,1,1,0,1,1,1,0,1,0,1,1,0,1,1,0,0,1,0,0,1,1,0,1,0,0,0,0,0
"HG00186",1,1,1,1,1,1,1,1,1,1,1,0,1,1,1,0,1,1,1,0,1,1,1,1,0,1,1,0,0,1,1,0,1,1,0,1,0,0,0,0,0
"HG00187",0,0,0,0,0,0,0,0,0,0,0,0,0,0,0,0,0,0,0,0,0,0,0,0,0,0,0,0,0,0,0,0,0,0,0,0,0,0,0,0,0
"HG00188",0,1,1,1,1,1,0,0,0,1,0,0,0,0,0,0,0,0,0,0,0,0,1,1,0,0,0,0,0,1,0,0,0,0,0,0,0,0,0,0,0
"HG00189",1,1,1,1,1,1,1,0,0,1,1,1,1,1,1,1,1,1,1,0,0,0,1,1,1,0,1,1,0,1,0,1,0,0,1,0,1,1,1,0,0
"HG00231",0,0,0,0,0,0,0,0,0,0,0,0,0,0,0,0,0,0,0,0,0,0,0,0,0,0,0,0,0,0,0,0,0,0,0,0,0,0,0,0,1
"HG00232",1,1,1,1,1,1,1,1,1,1,1,0,1,1,1,0,1,1,1,1,1,0,1,1,0,1,1,0,1,1,0,0,1,1,0,1,0,0,0,0,0
"HG00233",1,1,1,1,1,1,1,0,0,1,1,1,1,1,1,1,1,1,1,0,0,0,1,1,1,0,1,1,0,1,0,1,0,0,1,0,1,1,1,0,1
"HG00234",2,2,2,2,2,2,2,2,2,2,2,0,2,2,2,0,2,2,2,1,2,0,2,2,0,2,2,0,1,2,0,0,2,2,0,2,0,0,0,0,0
"HG00235",0,0,0,0,0,0,0,0,0,0,0,0,0,0,0,0,0,0,0,0,0,0,0,0,0,0,0,0,0,0,0,0,0,0,0,0,0,0,0,0,0
"HG00236",1,1,1,1,1,1,1,1,1,1,1,0,1,1,1,0,1,1,1,0,1,0,1,1,0,1,1,0,0,1,0,0,1,1,0,1,0,0,0,0,0
"HG00237",1,1,1,1,1,1,1,1,1,1,1,0,1,1,1,0,1,1,1,0,1,0,1,1,0,1,1,0,0,1,0,0,1,1,0,1,0,0,0,0,1
"HG00238",0,1,0,1,0,1,1,1,0,0,0,0,0,0,0,0,0,0,0,0,0,0,1,0,0,0,0,0,0,0,0,0,0,0,0,0,0,0,0,0,0
"HG00239",0,0,0,0,0,0,0,0,0,0,0,0,0,0,0,0,0,0,0,0,0,1,0,0,0,0,0,0,0,0,1,0,0,0,0,0,0,0,0,0,0
"HG00240",1,1,1,1,1,1,1,1,1,1,1,0,1,1,1,0,1,1,1,0,1,0,1,1,0,1,1,0,0,1,0,0,1,1,0,1,0,0,0,0,0
"HG00242",0,1,1,1,1,1,0,0,0,1,0,0,0,0,0,0,0,0,0,0,0,0,1,1,0,0,0,0,0,1,0,0,0,0,0,0,0,0,0,0,0
"HG00243",1,1,1,1,1,1,1,0,0,1,1,1,1,1,1,1,1,1,1,0,0,0,1,1,1,0,1,1,0,1,0,1,0,0,1,0,1,1,1,0,0
"HG00244",1,1,1,1,1,1,1,0,0,1,1,1,1,1,1,1,1,1,1,0,0,1,1,1,1,0,1,1,0,1,1,1,0,0,1,0,1,1,1,0,1
"HG00245",0,0,0,0,0,0,0,0,0,0,0,0,0,0,0,0,0,0,0,0,0,0,0,0,0,0,0,0,0,0,0,0,0,0,0,0,0,0,0,0,0
"HG00246",2,2,2,2,2,2,2,0,0,2,2,2,2,2,2,2,2,2,2,0,0,0,2,2,2,0,2,2,0,2,0,2,0,0,2,0,2,2,2,0,0
"HG00247",1,1,1,1,1,1,1,0,0,1,1,1,1,1,1,1,1,1,1,0,0,0,1,1,1,0,1,1,0,1,0,1,0,0,1,0,1,1,1,1,1
"HG00249",1,1,1,1,1,1,1,0,0,1,1,1,1,1,1,1,1,1,1,0,0,0,1,1,1,0,1,1,0,1,0,1,0,0,1,0,1,1,1,0,1
"HG00250",0,0,0,0,0,0,0,0,0,0,0,0,0,0,0,0,0,0,0,0,0,1,0,0,0,0,0,0,0,0,1,0,0,0,0,0,0,0,0,0,0
"HG00251",1,1,1,1,1,1,1,0,0,1,1,1,1,1,1,1,1,1,1,0,0,0,1,1,1,0,1,1,0,1,0,1,0,0,1,0,1,1,1,1,1
"HG00252",1,1,1,1,1,1,1,1,1,1,1,0,1,1,1,0,1,1,1,1,1,1,1,1,0,1,1,0,1,1,1,0,1,1,0,1,0,0,0,0,0
"HG00253",0,0,0,0,0,0,0,0,0,0,0,0,0,0,0,0,0,0,0,0,0,0,0,0,0,0,0,0,0,0,0,0,0,0,0,0,0,0,0,0,1
"HG00255",1,1,1,1,1,1,1,0,0,1,1,1,1,1,1,1,1,1,1,0,0,0,1,1,1,0,1,1,0,1,0,1,0,0,1,0,1,1,1,1,1
"HG00256",1,1,1,1,1,1,1,0,0,1,1,1,1,1,1,1,1,1,1,0,0,0,1,1,1,0,1,1,0,1,0,1,0,0,1,0,1,1,1,0,0
"HG00257",1,1,1,1,1,1,1,0,0,1,1,1,1,1,1,1,1,1,1,0,0,0,1,1,1,0,1,1,0,1,0,1,0,0,1,0,1,1,1,1,1
"HG00258",0,0,0,0,0,0,0,0,0,0,0,0,0,0,0,0,0,0,0,0,0,0,0,0,0,0,0,0,0,0,0,0,0,0,0,0,0,0,0,0,1
"HG00259",0,0,0,0,0,0,0,0,0,0,0,0,0,0,0,0,0,0,0,0,0,0,0,0,0,0,0,0,0,0,0,0,0,0,0,0,0,0,0,0,0
"HG00260",0,0,0,1,0,0,0,1,0,0,0,0,1,0,0,0,1,0,0,0,1,0,1,0,0,1,1,0,0,1,0,0,1,1,0,1,0,0,0,0,0
"HG00261",0,0,0,0,0,0,0,0,0,0,0,0,0,0,0,0,0,0,0,0,0,0,0,0,0,0,0,0,0,0,0,0,0,0,0,0,0,0,0,0,0
"HG00262",0,0,0,0,0,0,0,0,0,0,0,0,0,0,0,0,0,0,0,0,0,0,0,0,0,0,0,0,0,0,0,0,0,0,0,0,0,0,0,0,0
"HG00263",1,1,1,2,1,1,1,2,0,1,1,1,2,1,1,0,2,1,1,0,2,0,2,1,1,1,2,0,0,2,0,0,1,1,0,1,1,1,1,0,1
"HG00264",2,2,2,2,2,2,2,1,1,2,2,1,2,2,2,1,2,2,2,1,1,0,2,2,1,1,2,1,1,2,0,1,1,1,1,1,1,1,1,0,1
"HG00265",2,2,2,2,2,2,2,2,2,2,2,0,2,2,2,0,2,2,2,1,2,0,2,2,0,2,2,0,1,2,0,0,2,2,0,2,0,0,0,0,0
"HG00266",0,1,1,1,1,1,0,0,0,1,0,0,0,0,0,0,0,0,0,0,0,1,1,1,0,0,0,0,0,1,1,0,0,0,0,0,0,0,0,0,0
"HG00267",0,0,0,0,0,0,0,0,0,0,0,0,0,0,0,0,0,0,0,0,0,0,0,0,0,0,0,0,0,0,0,0,0,0,0,0,0,0,0,0,0
"HG00268",0,0,0,0,0,0,0,0,0,0,0,0,0,0,0,0,0,0,0,0,0,0,0,0,0,0,0,0,0,0,0,0,0,0,0,0,0,0,0,0,0
"HG00269",0,0,0,0,0,0,0,0,0,0,0,0,0,0,0,0,0,0,0,0,0,0,0,0,0,0,0,0,0,0,0,0,0,0,0,0,0,0,0,0,0
"HG00271",0,0,0,0,0,0,0,0,0,0,0,0,0,0,0,0,0,0,0,0,0,0,0,0,0,0,0,0,0,0,0,0,0,0,0,0,0,0,0,0,0
"HG00272",0,0,0,0,0,0,0,0,0,0,0,0,0,0,0,0,0,0,0,0,0,0,0,0,0,0,0,0,0,0,0,1,0,0,1,0,1,1,1,0,1
"HG00273",2,2,2,2,2,2,2,0,0,2,2,2,2,2,2,2,2,2,2,0,0,0,2,2,2,0,2,2,0,2,0,2,0,0,2,0,2,2,2,1,1
"HG00274",1,1,1,1,1,1,1,0,0,1,1,1,1,1,1,1,1,1,1,0,0,0,1,1,1,0,1,1,0,1,0,1,0,0,1,0,1,1,1,1,1
"HG00275",1,1,1,1,1,1,1,0,0,1,1,1,1,1,1,1,1,1,1,0,0,1,1,1,1,0,1,1,0,1,1,1,0,0,1,0,1,1,1,0,1
"HG00276",1,1,1,1,1,1,1,1,1,1,1,0,1,1,1,0,1,1,1,1,1,1,1,1,0,1,1,0,1,1,1,0,1,1,0,1,0,0,0,0,0
"HG00277",1,1,1,1,1,1,1,1,1,1,1,0,1,1,1,0,1,1,1,1,1,1,1,1,0,1,1,0,1,1,1,0,1,1,0,1,0,0,0,0,0
"HG00278",1,1,1,1,1,1,1,0,0,1,1,1,1,1,1,1,1,1,1,0,0,0,1,1,1,0,1,1,0,1,0,1,0,0,1,0,1,1,1,1,1
"HG00280",2,2,2,2,2,2,2,2,2,2,2,0,2,2,2,0,2,2,2,1,2,0,2,2,0,2,2,0,1,2,0,0,2,2,0,2,0,0,0,0,0
"HG00281",0,1,1,1,1,1,0,0,0,1,0,0,0,0,0,0,0,0,0,0,0,1,1,1,0,0,0,0,0,1,1,0,0,0,0,0,0,0,0,0,0
"HG00282",1,2,2,2,2,2,1,1,1,2,1,0,1,1,1,0,1,1,1,0,1,0,2,2,0,1,1,0,0,2,0,0,1,1,0,1,0,0,0,0,0
"HG00284",0,0,0,0,0,0,0,0,0,0,0,0,0,0,0,0,0,0,0,0,0,0,0,0,0,0,0,0,0,0,0,0,0,0,0,0,0,0,0,0,0
"HG00285",2,2,2,2,2,2,2,2,2,2,2,0,2,2,2,0,2,2,2,0,2,0,2,2,0,2,2,0,0,2,0,0,2,2,0,2,0,0,0,0,0
"HG00306",0,0,0,1,0,0,0,1,0,0,0,0,1,0,0,0,1,0,0,0,1,0,1,0,0,1,1,0,0,1,0,0,1,1,0,1,0,0,0,0,0
"HG00309",0,0,0,0,0,0,0,0,0,0,0,0,0,0,0,0,0,0,0,0,0,0,0,0,0,0,0,0,0,0,0,0,0,0,0,0,0,0,0,0,0
"HG00310",1,1,1,1,1,1,1,1,1,1,1,0,1,1,1,0,1,1,1,0,1,0,1,1,0,1,1,0,0,1,0,0,1,1,0,1,0,0,0,0,0
"HG00311",1,1,1,1,1,1,1,1,0,1,1,1,1,1,0,0,1,1,1,0,1,0,1,1,1,0,1,0,0,1,0,0,0,0,0,0,1,1,1,0,1
"HG00312",1,1,1,1,1,1,1,1,1,1,1,0,1,1,1,0,1,1,1,0,1,0,1,1,0,1,1,0,0,1,0,0,1,1,0,1,0,0,0,0,0
"HG00313",1,1,1,2,1,1,1,1,0,1,1,1,2,1,1,1,2,1,1,0,1,0,2,1,1,1,2,1,0,2,0,1,1,1,1,1,1,1,1,0,0
"HG00315",0,0,0,0,0,0,0,0,0,0,0,0,0,0,0,0,0,0,0,0,0,1,0,0,0,0,0,0,0,0,1,0,0,0,0,0,0,0,0,0,0
"HG00319",1,1,1,1,1,1,1,1,1,1,1,0,1,1,1,0,1,1,1,0,1,0,1,1,0,1,1,0,0,1,0,0,1,1,0,1,0,0,0,0,0
"HG00320",0,0,0,0,0,0,0,0,0,0,0,0,0,0,0,0,0,0,0,0,0,0,0,0,0,0,0,0,0,0,0,0,0,0,0,0,0,0,0,0,0
"HG00321",1,1,1,1,1,1,1,1,1,1,1,0,1,1,1,0,1,1,1,1,1,0,1,1,0,1,1,0,1,1,0,0,1,1,0,1,0,0,0,0,0
"HG00323",1,1,1,1,1,1,1,0,0,1,1,1,1,1,1,1,1,1,1,0,0,0,1,1,1,0,1,1,0,1,0,1,0,0,1,0,1,1,1,0,0
"HG00324",0,0,0,0,0,0,0,0,0,0,0,0,0,0,0,0,0,0,0,0,0,0,0,0,0,0,0,0,0,0,0,0,0,0,0,0,0,0,0,0,0
"HG00325",0,0,0,0,0,0,0,0,0,0,0,0,0,0,0,0,0,0,0,0,0,1,0,0,0,0,0,0,0,0,1,0,0,0,0,0,0,0,0,0,0
"HG00326",1,1,1,1,1,1,1,1,1,1,1,0,1,1,1,0,1,1,1,0,1,0,1,1,0,1,1,0,0,1,0,0,1,1,0,1,0,0,0,0,0
"HG00327",2,2,2,2,2,2,2,2,2,2,2,0,2,2,2,0,2,2,2,1,2,0,2,2,0,2,2,0,1,2,0,0,2,2,0,2,0,0,0,0,0
"HG00328",0,0,0,0,0,0,0,0,0,0,0,0,0,0,0,0,0,0,0,0,0,0,0,0,0,0,0,0,0,0,0,0,0,0,0,0,0,0,0,0,0
"HG00329",1,1,1,1,1,1,1,0,0,1,1,1,1,1,1,1,1,1,1,0,0,0,1,1,1,0,1,1,0,1,0,1,0,0,1,0,1,1,1,0,0
"HG00330",0,0,0,0,0,0,0,0,0,0,0,0,0,0,0,0,0,0,0,0,0,1,0,0,0,0,0,0,0,0,1,0,0,0,0,0,0,0,0,0,0
"HG00331",1,1,1,1,1,1,1,0,0,1,1,1,1,1,1,1,1,1,1,0,0,0,1,1,1,0,1,1,0,1,0,1,0,0,1,0,1,1,1,1,1
"HG00332",0,0,0,0,0,0,0,0,0,0,0,0,0,0,0,0,0,0,0,0,0,0,0,0,0,0,0,0,0,0,0,0,0,0,0,0,0,0,0,0,0
"HG00334",1,2,2,2,2,2,1,1,1,2,1,0,1,1,1,0,1,1,1,1,1,0,2,2,0,1,1,0,1,2,0,0,1,1,0,1,0,0,0,0,0
"HG00335",0,1,1,1,1,1,0,0,0,1,0,0,0,0,0,0,0,0,0,0,0,1,1,1,0,0,0,0,0,1,1,0,0,0,0,0,0,0,0,0,0
"HG00336",1,1,1,1,1,1,1,1,1,1,1,0,1,1,1,0,1,1,1,1,1,0,1,1,0,1,1,0,1,1,0,0,1,1,0,1,0,0,0,0,0
"HG00337",1,1,1,1,1,1,1,1,1,1,1,0,1,1,1,0,1,1,1,1,1,0,1,1,0,1,1,0,1,1,0,0,1,1,0,1,0,0,0,0,0
"HG00338",0,0,0,0,0,0,0,0,0,0,0,0,0,0,0,0,0,0,0,0,0,0,0,0,0,0,0,0,0,0,0,0,0,0,0,0,0,0,0,0,0
"HG00339",1,1,1,1,1,1,1,0,0,1,1,1,1,1,1,1,1,1,1,0,0,0,1,1,1,0,1,1,0,1,0,1,0,0,1,0,1,1,1,0,1
"HG00341",2,2,2,2,2,2,2,1,1,2,2,1,2,2,2,1,2,2,2,0,1,0,2,2,1,1,2,1,0,2,0,1,1,1,1,1,1,1,1,1,1
"HG00342",0,0,0,0,0,0,0,0,0,0,0,0,0,0,0,0,0,0,0,0,0,0,0,0,0,0,0,0,0,0,0,0,0,0,0,0,0,0,0,0,0
"HG00343",1,1,1,1,1,1,1,1,1,1,1,0,1,1,1,0,1,1,1,0,1,0,1,1,0,1,1,0,0,1,0,0,1,1,0,1,0,0,0,0,0
"HG00344",1,1,1,1,1,1,1,0,0,1,1,1,1,1,1,1,1,1,1,0,0,0,1,1,1,0,1,1,0,1,0,1,0,0,1,0,1,1,1,0,0
"HG00345",0,0,0,0,0,0,0,0,0,0,0,0,0,0,0,0,0,0,0,0,0,1,0,0,0,0,0,0,0,0,1,0,0,0,0,0,0,0,0,0,1
"HG00346",0,1,0,1,0,1,1,1,0,0,0,0,0,0,0,0,0,0,0,0,0,0,1,0,0,0,0,0,0,0,0,0,0,0,0,0,0,0,0,0,0
"HG00349",1,1,1,1,1,1,1,1,1,1,1,0,1,1,1,0,1,1,1,0,1,0,1,1,0,1,1,0,0,1,0,0,1,1,0,1,0,0,0,0,0
"HG00350",1,1,1,1,1,1,1,0,0,1,1,1,1,1,1,1,1,1,1,0,0,0,1,1,1,0,1,1,0,1,0,1,0,0,1,0,1,1,1,1,2
"HG00351",1,2,1,2,1,2,2,2,1,1,1,0,1,1,1,0,1,1,1,0,1,0,2,1,0,1,1,0,0,1,0,0,1,1,0,1,0,0,0,0,0
"HG00353",1,1,1,1,1,1,1,1,1,1,1,0,1,1,1,0,1,1,1,1,1,1,1,1,0,1,1,0,1,1,1,0,1,1,0,1,0,0,0,0,0
"HG00355",1,1,1,1,1,1,1,1,1,1,1,0,1,1,1,0,1,1,1,0,1,0,1,1,0,1,1,0,0,1,0,0,1,1,0,1,0,0,0,0,0
"HG00356",0,0,0,0,0,0,0,0,0,0,0,0,0,0,0,0,0,0,0,0,0,0,0,0,0,0,0,0,0,0,0,0,0,0,0,0,0,0,0,0,1
"HG00358",0,0,0,0,0,0,0,0,0,0,0,0,0,0,0,0,0,0,0,0,0,0,0,0,0,0,0,0,0,0,0,0,0,0,0,0,0,0,0,0,0
"HG00359",0,0,0,0,0,0,0,0,0,0,0,0,0,0,0,0,0,0,0,0,0,1,0,0,0,0,0,0,0,0,1,0,0,0,0,0,0,0,0,0,0
"HG00360",0,0,0,0,0,0,0,0,0,0,0,0,0,0,0,0,0,0,0,0,0,1,0,0,0,0,0,0,0,0,1,0,0,0,0,0,0,0,0,0,0
"HG00361",1,2,1,2,1,2,2,2,1,1,1,0,1,1,1,0,1,1,1,1,1,0,2,1,0,1,1,0,1,1,0,0,1,1,0,1,0,0,0,0,0
"HG00362",1,1,1,1,1,1,1,1,1,1,1,0,1,1,1,0,1,1,1,0,1,0,1,1,0,1,1,0,0,1,0,0,1,1,0,1,0,0,0,0,0
"HG00364",0,0,0,0,0,0,0,0,0,0,0,0,0,0,0,0,0,0,0,0,0,0,0,0,0,0,0,0,0,0,0,0,0,0,0,0,0,0,0,0,0
"HG00366",0,0,0,0,0,0,0,0,0,0,0,0,0,0,0,0,0,0,0,0,0,1,0,0,0,0,0,0,0,0,1,0,0,0,0,0,0,0,0,0,0
"HG00367",2,2,2,2,2,2,2,0,0,2,2,2,2,2,2,2,2,2,2,0,0,0,2,2,2,0,2,2,0,2,0,1,0,0,1,0,1,1,1,1,1
"HG00369",1,1,1,1,1,1,1,0,0,1,1,1,1,1,1,1,1,1,1,0,0,0,1,1,1,0,1,1,0,1,0,1,0,0,1,0,1,1,1,0,1
"HG00372",1,1,1,1,1,1,1,1,1,1,1,0,1,1,1,0,1,1,1,0,1,1,1,1,0,1,1,0,0,1,1,0,1,1,0,1,0,0,0,0,0
"HG00373",0,1,0,1,0,1,1,1,0,0,0,0,0,0,0,0,0,0,0,0,0,0,1,0,0,0,0,0,0,0,0,0,0,0,0,0,0,0,0,0,0
"HG00375",0,0,0,0,0,0,0,0,0,0,0,0,0,0,0,0,0,0,0,0,0,1,0,0,0,0,0,0,0,0,1,0,0,0,0,0,0,0,0,0,0
"HG00376",1,1,1,1,1,1,1,0,0,1,1,1,1,1,1,1,1,1,1,0,0,0,1,1,1,0,1,1,0,1,0,1,0,0,1,0,1,1,1,0,1
"HG00377",1,1,1,1,1,1,1,1,1,1,1,0,1,1,1,0,1,1,1,1,1,0,1,1,0,1,1,0,1,1,0,0,1,1,0,1,0,0,0,0,0
"HG00378",1,1,1,1,1,1,1,1,1,1,1,0,1,1,1,0,1,1,1,0,1,0,1,1,0,1,1,0,0,1,0,0,1,1,0,1,0,0,0,0,0
"HG00381",1,2,1,2,1,2,2,2,1,1,1,0,1,1,1,0,1,1,1,0,1,0,2,1,0,1,1,0,0,1,0,0,1,1,0,1,0,0,0,0,0
"HG00382",1,1,1,1,1,1,1,1,1,1,1,0,1,1,1,0,1,1,1,0,1,0,1,1,0,1,1,0,0,1,0,0,1,1,0,1,0,0,0,0,0
"HG00383",1,1,1,1,1,1,1,1,1,1,1,0,1,1,1,0,1,1,1,0,1,0,1,1,0,1,1,0,0,1,0,0,1,1,0,1,0,0,0,0,0
"HG00384",0,0,0,0,0,0,0,0,0,0,0,0,0,0,0,0,0,0,0,0,0,0,0,0,0,0,0,0,0,0,0,0,0,0,0,0,0,0,0,0,0
"HG01334",1,1,1,1,1,1,1,1,1,1,1,0,1,1,1,0,1,1,1,1,1,0,1,1,0,1,1,0,1,1,0,0,1,1,0,1,0,0,0,0,1
"NA06984",2,2,2,2,2,2,2,1,1,2,2,1,2,2,2,1,2,2,2,0,1,0,2,2,1,1,2,1,0,2,0,1,1,1,1,1,1,1,1,1,1
"NA06986",2,2,2,2,2,2,2,1,0,2,2,2,2,2,2,1,2,2,2,0,1,0,2,2,2,0,2,1,0,2,0,1,0,0,1,0,2,2,2,0,1
"NA06989",2,2,2,2,2,2,2,0,0,2,2,2,2,2,2,2,2,2,2,0,0,0,2,2,2,0,2,2,0,2,0,2,0,0,2,0,2,2,2,1,1
"NA06994",0,0,0,0,0,0,0,0,0,0,0,0,0,0,0,0,0,0,0,0,0,0,0,0,0,0,0,0,0,0,0,0,0,0,0,0,0,0,0,0,0
"NA07000",0,1,0,1,0,1,1,1,0,0,0,0,0,0,0,0,0,0,0,0,0,1,1,0,0,0,0,0,0,0,1,0,0,0,0,0,0,0,0,0,0
"NA07037",0,0,0,0,0,0,0,0,0,0,0,0,0,0,0,0,0,0,0,0,0,0,0,0,0,0,0,0,0,0,0,0,0,0,0,0,0,0,0,0,0
"NA07048",0,0,1,0,0,0,0,0,0,0,0,0,0,0,0,0,0,0,0,0,0,0,0,0,0,0,0,0,0,0,0,0,0,0,0,0,0,0,0,0,0
"NA07051",0,1,0,1,1,1,0,1,0,0,0,0,1,0,0,0,1,1,0,0,1,0,1,0,0,1,1,0,0,1,0,0,1,1,0,1,0,0,0,0,0
"NA07056",0,0,0,0,0,0,0,0,0,0,0,0,0,0,0,0,0,0,0,0,0,0,0,0,0,0,0,0,0,0,0,0,0,0,0,0,0,0,0,0,0
"NA07347",1,1,1,1,1,1,1,1,1,1,1,0,1,1,1,0,1,1,1,1,1,0,1,1,0,1,1,0,1,1,0,0,1,1,0,1,0,0,0,0,0
"NA07357",1,1,1,1,1,1,1,0,0,1,1,1,1,1,1,1,1,1,1,0,0,0,1,1,1,0,1,1,0,1,0,0,0,0,0,0,0,0,0,0,0
"NA10847",1,1,1,1,1,1,1,1,1,1,1,0,1,1,1,0,1,1,1,1,1,0,1,1,0,1,1,0,1,1,0,0,1,1,0,1,0,0,0,0,0
"NA10851",1,1,1,1,1,1,1,1,1,1,1,0,1,1,1,0,1,1,1,0,1,1,1,1,0,1,1,0,0,1,1,0,1,1,0,1,0,0,0,0,0
"NA11829",1,1,1,1,1,1,1,0,0,1,1,1,1,1,1,1,1,1,1,0,0,0,1,1,1,0,1,1,0,1,0,1,0,0,1,0,1,1,1,0,1
"NA11830",1,1,1,1,1,1,1,0,0,1,1,1,1,1,1,1,1,1,1,0,0,1,1,1,1,0,1,1,0,1,1,1,0,0,1,0,1,1,1,0,1
"NA11831",1,1,1,1,1,1,1,0,0,1,1,1,1,1,1,1,1,1,1,0,0,0,1,1,1,0,1,1,0,1,0,1,0,0,1,0,1,1,1,1,1
"NA11843",2,2,2,2,2,2,2,2,2,2,2,0,2,2,2,0,2,2,2,2,2,0,2,2,0,2,2,0,2,2,0,0,2,2,0,2,0,0,0,0,0
"NA11892",0,0,0,0,0,0,0,0,0,0,0,0,0,0,0,0,0,0,0,0,0,0,0,0,0,0,0,0,0,0,0,0,0,0,0,0,0,0,0,0,0
"NA11893",2,2,2,2,2,2,2,2,1,2,2,1,2,2,2,0,2,2,2,1,2,0,2,2,1,1,2,0,1,2,0,0,1,1,0,1,1,1,1,0,1
"NA11894",0,0,1,1,1,1,1,1,1,1,1,0,1,1,1,0,1,1,1,0,1,0,1,1,0,1,1,0,0,1,0,0,1,1,0,1,0,0,0,0,0
"NA11920",0,0,0,0,0,0,0,0,0,0,0,0,0,0,0,0,0,0,0,0,0,0,0,0,0,0,0,0,0,0,0,0,0,0,0,0,0,0,0,0,0
"NA11930",0,0,0,0,0,0,0,0,0,0,0,0,0,0,0,0,0,0,0,0,0,1,0,0,0,0,0,0,0,0,1,0,0,0,0,0,0,0,0,0,0
"NA11931",1,1,1,1,1,1,1,0,0,1,1,1,1,1,1,1,1,1,1,0,0,0,1,1,1,0,1,1,0,1,0,1,0,0,1,0,1,1,1,1,1
"NA11992",1,1,1,1,1,1,1,0,0,1,1,1,1,1,1,1,1,1,1,0,0,0,1,1,1,0,1,1,0,1,0,1,0,0,1,0,1,1,1,0,1
"NA11993",1,1,1,1,1,1,1,1,1,1,1,0,1,1,1,0,1,1,1,1,1,0,1,1,0,1,1,0,1,1,0,0,1,1,0,1,0,0,0,0,0
"NA11994",1,1,1,1,1,1,1,0,0,1,1,1,1,1,1,1,1,1,1,0,0,0,1,1,1,0,1,1,0,1,0,1,0,0,1,0,1,1,1,1,1
"NA11995",0,0,0,0,0,0,0,0,0,0,0,0,0,0,0,0,0,0,0,0,0,1,0,0,0,0,0,0,0,0,1,0,0,0,0,0,0,0,0,0,0
"NA12004",2,2,2,2,2,2,2,1,1,2,2,1,2,2,2,1,2,2,2,1,1,0,2,2,1,1,2,1,1,2,0,1,1,1,1,1,1,1,1,1,1
"NA12006",0,1,0,1,0,1,1,1,0,0,0,0,0,0,0,0,0,0,0,0,0,1,1,0,0,0,0,0,0,0,1,0,0,0,0,0,0,0,0,0,0
"NA12043",0,0,0,0,0,0,0,0,0,0,0,0,0,0,0,0,0,0,0,0,0,1,0,0,0,0,0,0,0,0,1,0,0,0,0,0,0,0,0,0,0
"NA12044",1,1,1,1,1,1,1,1,1,1,1,0,1,1,1,0,1,1,1,0,1,0,1,1,0,1,1,0,0,1,0,0,1,1,0,1,0,0,0,0,0
"NA12045",1,1,1,1,1,1,1,1,1,1,1,0,1,1,1,0,1,1,1,0,1,0,1,1,0,1,1,0,0,1,0,0,1,1,0,1,0,0,0,0,0
"NA12058",0,0,0,0,0,0,0,0,0,0,0,0,0,0,0,0,0,0,0,0,0,0,0,0,0,0,0,0,0,0,0,0,0,0,0,0,0,0,0,0,0
"NA12144",0,0,0,0,0,0,0,0,0,0,0,0,0,0,0,0,0,0,0,0,0,0,0,0,0,0,0,0,0,0,0,0,0,0,0,0,0,0,0,0,0
"NA12154",0,0,0,0,0,0,0,0,0,0,0,0,0,0,0,0,0,0,0,0,0,1,0,0,0,0,0,0,0,0,1,0,0,0,0,0,0,0,0,0,0
"NA12155",0,0,0,0,0,0,0,0,0,0,0,0,0,0,0,0,0,0,0,0,0,0,0,0,0,0,0,0,0,0,0,0,0,0,0,0,0,0,0,0,0
"NA12249",0,0,0,0,0,0,0,0,0,0,0,0,0,0,0,0,0,0,0,0,0,0,0,0,0,0,1,0,0,1,0,0,0,0,0,0,0,0,0,0,0
"NA12272",0,0,0,0,0,0,0,0,0,0,0,0,0,0,0,0,0,0,0,0,0,0,0,0,0,0,0,0,0,0,0,0,0,0,0,0,0,0,0,0,0
"NA12273",1,1,1,1,1,1,1,0,0,1,1,1,1,1,1,1,1,1,1,0,0,1,1,1,1,0,1,1,0,1,1,1,0,0,1,0,1,1,1,0,1
"NA12275",0,0,0,0,0,0,0,0,0,0,0,0,0,0,0,0,0,0,0,0,0,0,0,0,0,0,0,0,0,0,0,0,0,0,0,0,0,0,0,0,0
"NA12282",0,0,0,0,0,0,0,0,0,0,0,0,0,0,0,0,0,0,0,0,0,0,0,0,0,0,0,0,0,0,0,0,0,0,0,0,0,0,0,0,0
"NA12283",0,0,0,0,0,0,0,0,0,0,0,0,0,0,0,0,0,0,0,0,0,1,0,0,0,0,0,0,0,0,1,0,0,0,0,0,0,0,0,0,0
"NA12286",0,0,0,0,0,0,0,0,0,0,0,0,0,0,0,0,0,0,0,0,0,0,0,0,0,0,0,0,0,0,0,0,0,0,0,0,0,0,0,0,0
"NA12287",1,1,1,1,1,1,1,1,1,1,1,0,1,1,1,0,1,1,1,1,1,0,1,1,0,1,1,0,1,1,0,0,1,1,0,1,0,0,0,0,0
"NA12340",0,0,0,0,0,0,0,0,0,0,0,0,0,0,0,0,0,0,0,0,0,1,0,0,0,0,0,0,0,0,1,0,0,0,0,0,0,0,0,0,0
"NA12341",0,0,0,0,0,0,0,0,0,0,0,0,0,0,0,0,0,0,0,0,0,0,0,0,0,0,0,0,0,0,0,0,0,0,0,0,0,0,0,0,0
"NA12342",2,2,2,2,2,2,2,0,0,2,2,2,2,2,2,2,2,2,2,0,0,0,2,2,2,0,2,2,0,2,0,2,0,0,2,0,2,2,2,2,2
"NA12347",0,1,1,1,1,1,0,0,0,1,0,0,0,0,0,0,0,0,0,0,0,0,1,1,0,0,0,0,0,1,0,0,0,0,0,0,0,0,0,0,0
"NA12348",1,1,1,1,0,0,1,0,0,1,1,1,1,1,1,1,1,1,1,0,0,0,0,1,1,0,1,1,0,1,0,1,0,0,1,0,1,1,1,1,1
"NA12383",2,2,2,2,2,2,2,0,0,2,2,2,2,2,2,2,2,2,2,0,0,0,2,2,2,0,2,2,0,2,0,2,0,0,2,0,2,2,2,0,2
"NA12399",1,1,1,1,1,1,1,0,0,1,1,1,1,1,1,1,1,1,1,0,0,0,1,1,1,0,1,1,0,1,0,1,0,0,1,0,1,1,1,0,0
"NA12400",1,1,1,1,1,1,1,0,0,1,1,1,1,1,1,1,1,1,1,0,0,0,1,1,1,0,1,1,0,1,0,1,0,0,1,0,1,1,1,0,2
"NA12413",1,1,1,1,1,1,1,1,1,1,1,0,1,1,1,0,1,1,1,1,1,0,1,1,0,1,1,0,1,1,0,0,1,1,0,1,0,0,0,0,0
"NA12489",0,0,0,0,0,0,0,0,0,0,0,0,0,0,0,0,0,0,0,0,0,0,0,0,0,0,0,0,0,0,0,0,0,0,0,0,0,0,0,0,0
"NA12546",0,0,0,0,0,0,0,0,0,0,0,0,0,0,0,0,0,0,0,0,0,1,0,0,0,0,0,0,0,0,1,0,0,0,0,0,0,0,0,0,0
"NA12716",1,2,1,2,1,2,2,2,1,1,1,0,1,1,1,0,1,1,1,0,1,0,2,1,0,1,1,0,0,1,0,0,1,1,0,1,0,0,0,0,0
"NA12717",1,1,1,1,1,1,1,1,1,1,1,0,1,1,1,0,1,1,1,1,1,0,1,1,0,1,1,0,1,1,0,0,1,1,0,1,0,0,0,0,0
"NA12718",1,1,1,1,1,1,1,1,1,1,1,0,1,1,1,0,1,1,1,1,1,0,1,1,0,1,1,0,1,1,0,0,1,1,0,1,0,0,0,0,0
"NA12749",2,2,2,2,2,2,2,0,0,2,2,2,2,2,2,2,2,2,2,0,0,0,2,2,2,0,2,2,0,2,0,2,0,0,2,0,2,2,2,1,2
"NA12750",1,1,1,1,1,1,1,0,0,1,1,1,1,1,1,1,1,1,1,0,0,0,1,1,1,0,1,1,0,1,0,0,0,0,0,0,0,0,0,0,0
"NA12751",1,1,1,1,1,1,1,1,1,1,1,0,1,1,1,0,1,1,1,0,1,0,1,1,0,1,1,0,0,1,0,0,1,1,0,1,0,0,0,0,0
"NA12761",0,0,0,0,0,0,0,0,0,0,0,0,0,0,0,0,0,0,0,0,0,0,0,0,0,0,1,0,0,1,0,0,0,0,0,0,0,0,0,0,0
"NA12763",0,1,0,1,1,1,0,1,0,0,0,0,1,0,0,0,1,1,0,0,1,0,1,0,0,1,1,0,0,1,0,0,1,1,0,1,0,0,0,0,0
"NA12775",0,0,0,0,0,0,0,0,0,0,0,0,0,0,0,0,0,0,0,0,0,0,0,0,0,0,0,0,0,0,0,0,0,0,0,0,0,0,0,0,0
"NA12777",2,2,2,2,2,2,2,2,1,2,2,1,2,2,2,0,2,2,2,1,2,0,2,2,1,1,2,0,1,2,0,0,1,1,0,1,1,1,1,0,1
"NA12778",0,0,0,0,0,0,0,0,0,0,0,0,0,0,0,0,0,0,0,0,0,0,0,0,0,0,0,0,0,0,0,0,0,0,0,0,0,0,0,0,0
"NA12812",1,1,1,1,1,1,1,0,0,1,1,1,1,1,1,1,1,1,1,0,0,1,1,1,1,0,1,1,0,1,1,1,0,0,1,0,1,1,1,0,0
"NA12814",2,2,2,2,2,2,2,2,2,2,2,0,2,2,2,0,2,2,2,0,2,0,2,2,0,2,2,0,1,2,0,0,2,2,0,2,0,0,0,0,0
"NA12815",2,2,2,2,2,2,2,0,0,2,2,2,2,2,2,2,2,2,2,0,0,0,2,2,2,0,2,2,1,2,0,1,1,1,1,1,1,1,1,0,0
"NA12827",0,1,0,1,0,1,1,1,0,0,0,0,0,0,0,0,0,0,0,0,0,0,1,0,0,0,0,0,0,0,0,0,0,0,0,0,0,0,0,0,1
"NA12829",0,0,0,0,0,0,0,0,0,0,0,0,0,0,0,0,0,0,0,0,0,2,0,0,0,0,0,0,0,0,2,0,0,0,0,0,0,0,0,0,0
"NA12830",1,1,1,1,1,1,1,1,1,1,1,0,1,1,1,0,1,1,1,0,1,0,1,1,0,1,1,0,0,1,0,0,1,1,0,1,0,0,0,0,0
"NA12842",1,1,1,1,1,1,1,0,0,1,1,1,1,1,1,1,1,1,1,0,0,0,1,1,1,0,1,1,0,1,0,0,0,0,1,0,1,1,1,1,1
"NA12843",1,1,1,1,1,1,1,1,1,1,1,0,1,1,1,0,1,1,1,1,1,0,1,1,0,1,1,0,1,1,0,0,1,1,0,1,0,0,0,0,0
"NA12872",0,1,0,1,0,1,1,1,0,0,0,0,0,0,0,0,0,0,0,0,0,0,1,0,0,0,0,0,0,0,0,0,0,0,0,0,0,0,0,0,0
"NA12873",2,2,2,2,2,2,2,0,0,2,2,2,2,2,2,2,2,2,2,0,0,0,2,2,2,0,2,2,0,2,0,2,0,0,2,0,2,2,2,2,2
"NA12874",2,2,2,2,2,2,2,2,2,2,2,0,2,2,2,0,2,2,2,1,2,0,2,2,0,2,2,0,1,2,0,0,2,2,0,2,0,0,0,0,0
"NA12889",1,1,1,1,1,1,1,1,1,1,1,0,1,1,1,0,1,1,1,0,1,0,1,1,0,1,1,0,0,1,0,0,1,1,0,1,0,0,0,0,0
"NA12890",0,1,0,1,0,1,1,1,0,0,0,0,0,0,0,0,0,0,0,0,0,0,1,0,0,0,0,0,0,0,0,0,0,0,0,0,0,0,0,0,0
"NA18486",1,1,1,1,1,1,1,0,0,1,1,1,1,1,1,1,1,1,1,0,0,0,1,1,0,0,1,0,0,1,0,0,0,0,0,0,0,0,0,0,0
"NA18487",1,2,2,2,2,2,1,1,1,2,1,0,1,1,1,0,1,1,1,0,1,0,2,2,0,1,1,0,0,2,0,0,1,1,0,1,0,0,0,0,0
"NA18489",0,2,2,2,2,2,0,1,0,1,0,0,1,0,1,0,1,0,0,0,0,0,2,2,0,0,0,0,0,1,0,0,0,0,0,0,0,0,0,0,0
"NA18498",0,0,0,0,0,0,0,0,0,0,0,0,0,0,0,0,0,0,0,0,0,0,0,0,0,0,0,0,0,0,0,0,0,0,0,0,0,0,0,0,0
"NA18499",0,0,0,0,0,0,0,0,0,0,0,0,0,0,0,0,0,0,0,0,0,0,0,0,0,0,0,0,0,1,0,0,0,0,0,0,0,0,0,0,0
"NA18502",0,0,0,0,0,0,0,0,0,0,0,0,0,0,0,0,0,0,0,0,0,0,0,0,0,0,0,0,0,1,0,0,0,0,0,0,0,0,0,0,0
"NA18505",2,2,2,2,2,2,2,0,0,2,2,2,2,2,2,2,2,2,2,0,0,0,2,2,0,0,2,0,0,2,0,0,0,0,0,0,0,0,0,0,0
"NA18508",1,1,1,1,1,1,1,1,1,1,1,0,1,1,1,0,1,1,1,0,1,0,1,1,0,1,1,0,0,1,0,0,1,1,0,1,0,0,0,0,0
"NA18510",0,2,2,2,2,2,0,0,0,2,0,0,0,0,0,0,0,0,0,2,0,0,2,2,0,0,0,0,0,2,0,0,0,0,0,0,0,0,0,0,0
"NA18511",0,1,1,1,1,1,0,0,0,1,0,0,0,0,0,0,0,0,0,0,0,0,1,1,0,0,0,0,0,1,0,0,0,0,0,0,0,0,0,0,0
"NA18517",1,2,2,2,2,2,1,1,1,2,1,0,1,1,1,0,1,1,1,0,1,0,2,2,0,1,1,0,0,2,0,0,0,0,0,1,0,1,1,0,1
"NA18519",1,1,1,1,1,1,1,0,0,1,1,1,1,1,1,1,1,1,1,0,0,0,1,1,0,0,1,0,0,1,0,0,0,0,0,0,0,1,1,0,1
"NA18520",1,1,1,1,1,1,1,0,0,1,1,1,1,1,1,1,1,1,1,0,0,0,1,1,0,0,1,0,0,1,0,0,0,0,0,0,0,0,0,0,0
"NA18858",1,1,1,1,1,1,1,0,0,1,1,1,1,1,1,1,1,1,1,0,0,0,1,1,0,0,1,0,0,1,0,0,0,0,0,0,0,0,0,0,0
"NA18861",0,0,0,0,0,0,0,0,0,0,0,0,0,0,0,0,0,0,0,0,0,0,0,0,0,0,0,0,0,0,0,0,0,0,0,0,0,0,0,0,0
"NA18867",0,0,0,0,0,0,0,0,0,0,0,0,0,0,0,0,0,0,0,0,0,0,0,0,0,0,0,0,0,0,0,0,0,0,0,0,0,0,0,0,0
"NA18868",1,2,2,2,2,2,1,0,0,2,1,1,1,1,1,1,1,1,1,0,0,0,2,2,0,0,1,0,0,2,0,0,0,0,0,0,0,1,1,0,1
"NA18870",0,0,0,0,0,0,0,0,0,0,0,0,0,0,0,0,0,0,0,0,0,0,0,0,0,0,0,0,0,0,0,0,0,0,0,0,0,0,0,0,0
"NA18873",0,1,1,1,1,1,0,0,0,1,0,0,0,0,0,0,0,0,0,0,0,0,1,1,0,0,0,0,0,1,0,0,0,0,0,0,0,0,0,0,0
"NA18907",1,2,2,2,2,2,1,0,0,2,1,1,1,1,1,1,1,1,1,1,0,0,2,2,0,0,1,0,0,2,0,0,0,0,0,0,0,1,1,0,1
"NA18908",0,1,1,1,1,1,0,0,0,1,0,0,0,0,0,0,0,0,0,0,0,0,1,1,0,0,0,0,0,1,0,0,0,0,0,0,0,0,0,0,0
"NA18909",1,2,2,2,2,2,1,1,1,2,1,0,1,1,1,0,1,1,1,0,1,0,2,2,0,1,1,0,0,2,0,0,1,1,0,1,0,0,0,0,0
"NA18910",1,1,1,1,1,1,1,0,0,1,1,1,1,1,1,1,1,1,1,0,0,0,1,1,0,0,1,0,0,1,0,0,0,0,0,0,0,0,0,0,0
"NA18912",1,1,1,1,1,1,1,0,0,1,1,1,1,1,1,1,1,1,1,0,0,0,1,1,0,0,1,0,0,2,0,0,0,0,0,0,0,0,0,0,0
"NA18916",0,1,1,1,1,1,0,0,0,1,0,0,0,0,0,0,1,1,0,0,0,0,1,1,1,0,1,0,0,2,0,0,0,0,0,0,1,1,1,0,1
"NA18917",0,1,1,1,1,1,0,0,0,1,0,0,0,0,0,0,0,0,0,1,0,0,1,1,0,0,0,0,0,2,0,0,0,0,0,0,0,0,0,0,0
"NA18923",0,0,0,0,0,0,0,0,0,0,0,0,0,0,0,0,0,0,0,0,0,0,0,0,0,0,0,0,0,0,0,0,0,0,0,0,0,0,0,0,0
"NA18933",1,1,1,1,1,1,1,0,0,1,1,1,1,1,1,1,1,1,1,0,0,0,1,1,0,0,1,0,0,1,0,0,0,0,0,0,0,1,1,0,1
"NA18934",0,0,0,0,0,0,0,0,0,0,0,0,0,0,0,0,1,1,0,0,0,0,0,0,1,0,1,0,0,1,0,0,0,0,0,0,1,1,1,0,1
"NA19093",0,1,1,1,1,1,0,0,0,1,0,0,0,0,0,0,0,0,0,0,0,0,1,1,0,0,0,0,0,1,0,0,0,0,0,0,0,0,0,0,0
"NA19095",0,1,1,1,1,1,0,0,0,0,0,0,0,0,0,0,0,0,0,0,0,0,1,1,0,0,0,0,0,1,0,0,0,0,0,0,0,0,0,0,0
"NA19096",0,0,0,0,0,0,0,0,0,0,0,0,0,0,0,0,0,0,0,0,0,0,0,0,0,0,0,0,0,0,0,0,0,0,0,0,0,0,0,0,0
"NA19098",0,0,0,0,0,0,0,0,0,0,0,0,0,0,0,0,0,0,0,0,0,0,0,0,0,0,0,0,0,0,0,0,0,0,0,0,0,0,0,0,0
"NA19099",0,1,1,1,1,1,0,0,0,1,0,0,0,0,0,0,0,0,0,0,0,0,1,1,0,0,0,0,0,2,0,0,0,0,0,0,0,0,0,0,0
"NA19102",0,0,0,0,0,0,0,0,0,0,0,0,0,0,0,0,0,0,0,0,0,0,0,0,0,0,0,0,0,0,0,0,0,0,0,0,0,0,0,0,0
"NA19107",0,0,0,0,0,0,0,0,0,0,0,0,0,0,0,0,0,0,0,0,0,0,0,0,0,0,0,0,0,0,0,0,0,0,0,0,0,0,0,0,0
"NA19108",2,2,2,2,2,2,2,0,0,2,2,2,2,2,2,2,2,1,2,0,0,0,2,2,0,0,2,0,0,2,0,0,0,0,0,0,0,1,1,0,1
"NA19113",1,1,1,1,1,1,1,0,0,1,1,1,1,1,1,1,1,1,1,0,0,0,1,1,0,0,1,0,0,2,0,0,0,0,0,0,0,0,0,0,0
"NA19114",0,0,0,0,0,0,0,0,0,0,0,0,0,0,0,0,1,1,0,0,0,0,0,0,1,0,1,0,0,2,0,0,0,0,0,0,1,1,1,0,1
"NA19116",0,0,0,0,0,0,0,0,0,0,0,0,0,0,0,0,0,0,0,0,0,0,0,0,0,0,0,0,0,0,0,0,0,0,0,0,0,0,0,0,0
"NA19117",0,1,1,1,2,2,0,0,0,1,0,0,0,0,1,0,0,0,0,0,0,0,2,1,0,0,0,0,0,2,0,0,0,0,0,0,0,0,0,0,0
"NA19118",0,1,1,1,1,1,0,0,0,1,0,0,0,0,0,0,0,0,0,1,0,0,1,1,0,0,0,0,0,1,0,0,0,0,0,0,0,0,0,0,0
"NA19119",1,1,1,1,1,1,1,0,0,1,1,1,1,1,1,1,1,1,1,0,0,0,1,1,0,0,1,0,0,1,0,0,0,0,0,0,0,1,1,0,1
"NA19121",0,0,0,0,0,0,0,0,0,0,0,0,0,0,0,0,0,0,0,0,0,0,0,0,0,0,0,0,0,0,0,0,0,0,0,0,0,0,0,0,0
"NA19129",0,1,1,1,1,1,0,0,0,1,0,0,0,0,0,0,1,1,0,0,0,0,1,1,1,0,1,0,0,2,0,0,0,0,0,0,1,1,1,0,1
"NA19130",0,1,1,1,1,1,0,0,0,1,0,0,0,0,0,0,0,0,0,0,0,0,1,1,0,0,0,0,0,1,0,0,0,0,0,0,0,0,0,0,0
"NA19131",0,0,0,0,0,0,0,0,0,0,0,0,0,0,0,0,0,0,0,0,0,0,0,0,0,0,0,0,0,0,0,0,0,0,0,0,0,0,0,0,0
"NA19137",0,1,1,1,1,1,0,0,0,1,0,0,0,0,0,0,0,0,0,0,0,0,1,1,0,0,0,0,0,2,0,0,0,0,0,0,0,0,0,0,0
"NA19138",0,2,2,2,2,2,0,0,0,2,0,0,0,0,0,0,0,0,0,0,0,0,2,2,0,0,0,0,0,2,0,0,0,0,0,0,0,0,0,0,0
"NA19146",0,0,0,0,0,0,0,0,0,0,0,0,0,0,0,0,0,0,0,0,0,0,0,0,0,0,0,0,0,0,0,0,0,0,0,0,0,0,0,0,0
"NA19147",0,0,0,0,0,0,0,0,0,0,0,0,0,0,0,0,0,0,0,0,0,0,0,0,0,0,0,0,0,1,0,0,0,0,0,0,0,0,0,0,0
"NA19149",0,1,1,1,1,1,0,0,0,1,0,0,0,0,0,0,0,0,0,0,0,0,1,1,0,0,0,0,0,1,0,0,0,0,0,0,0,0,0,0,0
"NA19150",0,0,0,0,0,0,0,0,0,0,0,0,0,0,0,0,0,0,0,0,0,0,0,0,0,0,0,0,0,1,0,0,0,0,0,0,0,0,0,0,0
"NA19152",1,1,1,1,1,1,1,0,0,1,1,1,1,1,1,1,1,1,1,0,0,0,1,1,0,0,1,0,0,1,0,0,0,0,0,0,0,1,1,0,1
"NA19160",1,2,2,2,2,2,1,1,1,2,1,0,1,1,1,0,1,1,1,0,1,0,2,2,0,1,1,0,0,2,0,0,1,1,0,1,0,0,0,0,0
"NA19171",0,1,1,1,1,1,0,0,0,1,0,0,0,0,0,0,0,0,0,0,0,0,1,1,0,0,0,0,0,1,0,0,0,0,0,0,0,0,0,0,0
"NA19172",0,0,0,0,0,0,0,0,0,0,0,0,0,0,0,0,0,0,0,0,0,0,0,0,0,0,0,0,0,0,0,0,0,0,0,0,0,0,0,0,0
"NA19175",0,0,0,0,0,0,0,0,0,0,0,0,0,0,0,0,0,0,0,0,0,0,0,0,0,0,0,0,0,0,0,0,0,0,0,0,0,0,0,0,0
"NA19185",1,2,2,2,2,2,1,0,0,2,1,1,1,1,1,1,1,1,1,0,0,0,2,2,0,0,1,0,0,2,0,0,0,0,0,0,0,0,0,0,0
"NA19189",0,1,1,1,1,1,0,0,0,1,0,0,0,0,0,0,0,0,0,0,0,0,1,1,0,0,0,0,0,1,0,0,0,0,0,0,0,0,0,0,0
"NA19190",2,2,2,2,2,2,2,1,1,2,2,1,2,2,2,1,2,2,2,0,1,0,2,2,0,1,2,0,0,2,0,0,1,1,0,1,0,0,0,0,0
"NA19197",1,2,2,2,2,2,1,0,0,2,1,1,1,1,1,1,1,1,1,0,0,0,2,2,0,0,1,0,0,2,0,0,0,0,0,0,0,0,0,0,0
"NA19198",0,0,0,0,0,0,0,0,0,0,0,0,0,0,0,0,1,1,0,0,0,0,0,0,1,0,1,0,0,1,0,0,0,0,0,0,1,1,1,0,1
"NA19200",0,1,1,1,1,1,0,0,0,1,0,0,0,0,0,0,0,0,0,0,0,0,1,1,0,0,0,0,0,1,0,0,0,0,0,0,0,0,0,0,0
"NA19204",0,0,0,0,0,0,0,0,0,0,0,0,0,0,0,0,0,0,0,0,0,0,0,0,0,0,0,0,0,0,0,0,0,0,0,0,0,0,0,0,0
"NA19207",1,2,2,2,2,2,1,0,0,2,1,1,1,1,1,1,1,1,1,0,0,0,2,2,0,0,1,0,0,2,0,0,0,0,0,0,0,1,1,0,1
"NA19209",1,1,1,1,1,1,1,0,0,1,1,1,1,1,1,1,1,1,1,0,0,0,1,1,0,0,1,0,0,1,0,0,0,0,0,0,0,1,1,0,1
"NA19213",1,2,2,2,2,2,1,1,1,2,1,0,1,1,1,0,1,1,1,0,1,0,2,2,0,1,1,0,0,2,0,0,1,1,0,1,0,0,0,0,0
"NA19222",1,2,2,2,2,2,1,1,1,1,1,0,1,1,1,0,1,1,1,0,1,0,2,2,0,1,1,0,0,2,0,0,1,1,0,1,0,0,0,0,0
"NA19223",1,2,2,2,2,2,1,1,1,2,1,0,1,1,1,0,1,1,1,0,1,0,2,2,0,1,1,0,0,2,0,0,1,1,0,1,0,0,0,0,0
"NA19225",0,1,1,1,1,1,0,0,0,1,0,0,0,0,0,0,0,0,0,0,0,0,1,1,0,0,0,0,0,2,0,0,0,0,0,0,0,0,0,0,0
"NA19235",0,1,1,1,1,1,0,0,0,1,0,0,0,0,0,0,0,0,0,1,0,0,1,1,0,0,0,0,0,1,0,0,0,0,0,0,0,0,0,0,0
"NA19236",1,1,1,1,1,1,1,1,1,1,1,0,1,1,1,0,1,1,1,0,1,0,1,1,0,1,1,0,0,2,0,0,1,1,0,1,0,0,0,0,0
"NA19247",0,0,0,0,0,0,0,0,0,0,0,0,0,0,0,0,0,0,0,0,0,0,0,0,0,0,0,0,0,1,0,0,0,0,0,0,0,0,0,0,0
"NA19248",0,1,1,1,1,1,0,0,0,1,0,0,0,0,0,0,0,0,0,1,0,0,1,1,0,0,0,0,0,1,0,0,0,0,0,0,0,0,0,0,0
"NA19256",0,1,1,1,1,1,0,0,0,1,0,0,0,0,0,0,0,0,0,0,0,0,1,1,0,0,0,0,0,1,0,0,0,0,0,0,0,0,0,0,0
"NA19257",1,1,1,1,1,1,1,0,0,1,1,1,1,1,1,1,1,1,1,0,0,0,1,1,0,0,1,0,0,1,0,0,0,0,0,0,0,1,1,0,1
"NA20502",0,0,0,0,0,0,0,0,0,0,0,0,0,0,0,0,0,0,0,0,0,0,0,0,0,0,0,0,0,0,0,0,0,0,0,0,0,0,0,0,0
"NA20503",0,0,0,0,0,0,0,0,0,0,0,0,0,0,0,0,0,0,0,0,0,0,0,0,0,0,0,0,0,0,0,0,0,0,0,0,0,0,0,0,0
"NA20504",0,0,0,0,0,0,0,0,0,0,0,0,0,0,0,0,0,0,0,0,0,0,0,0,0,0,0,0,0,0,0,0,0,0,0,0,0,0,0,0,0
"NA20505",1,1,1,1,1,1,1,0,0,1,1,1,1,1,1,1,1,1,1,0,0,0,1,1,1,0,1,1,0,1,0,1,0,0,1,0,1,1,1,1,1
"NA20506",2,2,2,2,2,2,2,1,1,2,2,1,2,2,2,1,2,2,2,0,1,0,2,2,1,1,2,1,0,2,0,1,1,1,1,1,1,1,1,0,1
"NA20507",0,0,0,0,0,0,0,0,0,0,0,0,0,0,0,0,0,0,0,0,0,0,0,0,0,0,0,0,0,0,0,0,0,0,0,0,0,0,0,0,1
"NA20508",1,1,1,1,1,1,1,1,1,1,1,0,1,1,1,0,1,1,1,1,1,0,1,1,0,1,1,0,1,1,0,0,1,1,0,1,0,0,0,0,0
"NA20509",1,1,1,1,1,1,1,1,1,1,1,0,1,1,1,0,2,2,1,1,1,0,2,1,0,1,1,0,1,1,0,0,1,1,0,1,0,0,0,0,0
"NA20510",1,1,1,2,1,1,1,2,1,1,1,0,2,1,1,0,2,1,1,0,2,0,2,1,0,2,2,0,0,2,0,0,2,2,0,2,0,0,0,0,0
"NA20512",1,1,1,1,1,1,1,1,1,1,1,0,1,1,1,0,1,1,1,1,1,0,1,1,0,1,1,0,1,0,0,0,1,1,0,1,0,0,0,0,0
"NA20513",1,2,1,2,1,2,2,2,1,1,1,0,1,1,1,0,1,1,1,1,1,0,2,1,0,1,1,0,1,1,0,0,1,1,0,1,0,0,0,0,0
"NA20515",0,0,0,0,0,0,0,0,0,0,0,0,0,0,0,0,0,0,0,0,0,0,0,0,0,0,0,0,0,0,0,0,0,0,0,0,0,0,0,0,0
"NA20516",0,0,0,1,0,0,0,1,0,0,0,0,1,0,0,0,1,0,0,0,1,0,1,0,0,1,1,0,0,1,0,0,1,1,0,1,0,0,0,0,0
"NA20517",2,2,2,2,2,2,2,0,0,2,2,2,2,2,2,2,2,2,2,0,0,0,2,2,2,0,2,2,0,2,0,2,0,0,2,0,2,2,2,2,2
"NA20518",1,1,1,1,1,1,1,0,0,1,1,1,1,1,1,1,1,1,1,0,0,0,1,1,1,0,1,1,0,1,0,1,0,0,1,0,1,1,1,1,1
"NA20519",1,1,1,1,1,1,1,0,0,1,1,1,1,1,1,1,1,1,1,0,0,1,1,1,1,0,1,1,0,1,1,1,0,0,1,0,1,1,1,0,1
"NA20520",2,2,2,2,2,2,2,2,2,2,2,0,2,2,2,0,2,2,2,2,2,0,2,2,0,2,2,0,2,2,0,0,2,2,0,2,0,0,0,0,0
"NA20521",0,0,0,0,0,0,0,0,0,0,0,0,0,0,0,0,0,0,0,0,0,0,0,0,0,0,0,0,0,0,0,0,0,0,0,0,0,0,0,0,0
"NA20524",1,1,1,1,1,1,1,0,0,1,1,1,1,1,1,1,1,1,1,0,0,0,1,1,1,0,1,1,0,1,0,1,0,0,1,0,1,1,1,1,1
"NA20525",0,0,0,0,0,0,0,0,0,0,0,0,0,0,0,0,0,0,0,0,0,0,0,0,0,0,0,0,0,0,0,0,0,0,0,0,0,0,0,0,0
"NA20527",0,0,0,0,0,0,0,0,0,0,0,0,0,0,0,0,0,0,0,0,0,0,0,0,0,0,0,0,0,0,0,1,0,0,1,0,1,1,1,0,1
"NA20528",0,0,0,0,0,0,0,0,0,0,0,0,0,0,0,0,0,0,0,0,0,1,0,0,0,0,0,0,0,0,1,0,0,0,0,0,0,0,0,0,0
"NA20529",1,1,1,1,1,1,1,1,0,1,1,1,1,1,1,1,1,1,1,0,0,1,1,1,1,0,1,0,0,1,1,0,0,0,0,0,1,1,1,0,1
"NA20530",2,2,2,2,2,2,2,2,2,2,2,0,2,2,2,0,2,2,2,2,2,0,2,2,0,2,2,0,2,2,0,0,2,2,0,2,0,0,0,0,0
"NA20531",1,1,1,1,1,1,1,1,1,1,1,0,1,1,1,0,1,1,1,1,1,1,1,1,0,1,1,0,1,1,1,0,1,1,0,1,0,0,0,0,0
"NA20532",1,1,1,1,1,1,1,0,0,1,1,1,1,1,1,1,1,1,1,0,0,0,1,1,1,0,1,1,0,1,0,1,0,0,1,0,1,1,1,1,1
"NA20534",0,0,0,0,0,0,0,0,0,0,0,0,0,0,0,0,0,0,0,0,0,0,0,0,0,0,0,0,0,0,0,0,0,0,0,0,0,0,0,0,0
"NA20535",0,0,0,0,0,0,0,0,0,0,0,0,0,0,0,0,0,0,0,0,0,0,0,0,0,0,0,0,0,0,0,0,0,0,0,0,0,0,0,0,0
"NA20536",0,0,0,0,0,0,0,0,0,0,0,0,0,0,0,0,0,0,0,0,0,0,0,0,0,0,0,0,0,0,0,0,0,0,0,0,0,0,0,0,0
"NA20537",2,2,2,2,2,2,2,1,1,2,2,1,2,2,2,1,2,2,2,1,1,0,2,2,1,1,2,1,1,2,0,0,1,1,0,1,0,0,0,1,1
"NA20538",0,0,0,0,0,0,0,0,0,0,0,0,0,0,0,0,0,0,0,0,0,0,0,0,0,0,0,0,0,0,0,0,0,0,0,0,0,0,0,0,0
"NA20539",1,1,1,1,1,1,1,0,0,1,1,1,1,1,1,1,1,1,1,0,0,0,1,1,1,0,1,1,0,1,0,1,0,0,1,0,1,1,1,0,0
"NA20540",0,0,0,0,0,0,0,0,0,0,0,0,0,0,0,0,0,0,0,0,0,0,0,0,0,0,0,0,0,0,0,0,0,0,0,0,0,0,0,0,0
"NA20541",1,1,1,1,1,1,1,1,1,1,1,0,1,1,1,0,2,2,1,1,1,0,2,1,0,1,1,0,1,1,0,0,1,1,0,1,0,0,0,0,0
"NA20542",0,0,0,0,0,0,0,0,0,0,0,0,0,0,0,0,0,0,0,0,0,0,0,0,0,0,0,0,0,0,0,0,0,0,0,0,0,0,0,0,0
"NA20543",0,1,0,1,0,1,1,1,0,0,0,0,0,0,0,0,0,0,0,0,0,0,1,0,0,0,0,0,0,0,0,0,0,0,0,0,0,0,0,0,0
"NA20544",1,1,1,1,1,1,1,0,0,1,1,1,1,1,1,1,1,1,1,0,0,0,1,1,1,0,1,1,0,1,0,1,0,0,1,0,1,1,1,0,1
"NA20581",1,1,1,1,1,1,1,0,0,1,1,1,1,1,1,1,1,1,1,0,0,0,1,1,1,0,1,1,0,1,0,1,0,0,1,0,1,1,1,1,1
"NA20582",1,1,1,1,1,1,0,0,0,1,1,0,1,1,1,0,1,1,1,0,0,0,1,1,0,0,1,0,0,1,0,0,0,0,0,0,0,0,0,0,0
"NA20585",0,0,0,0,0,0,0,0,0,0,0,0,0,0,0,0,0,0,0,0,0,0,0,0,0,1,1,0,0,1,0,0,1,1,0,1,0,0,0,0,0
"NA20586",2,2,2,2,2,2,2,2,2,2,2,0,2,2,2,0,2,2,2,0,2,0,2,2,0,2,2,0,0,2,0,0,2,2,0,2,0,0,0,0,0
"NA20588",0,0,0,0,0,0,0,0,0,0,0,0,0,0,0,0,0,0,0,0,0,1,0,0,0,0,0,0,0,0,1,0,0,0,0,0,0,0,0,0,0
"NA20589",1,1,1,1,1,1,1,1,1,1,1,0,1,1,1,0,1,1,1,1,1,0,1,1,0,1,1,0,1,1,0,0,1,1,0,1,0,0,0,0,0
"NA20752",1,1,1,1,1,1,1,1,1,1,1,0,1,1,1,0,1,1,1,0,1,1,1,1,0,1,1,0,1,1,1,0,1,1,0,1,0,0,0,0,0
"NA20754",1,1,1,1,1,1,1,1,1,1,1,0,1,1,1,0,1,1,1,0,1,0,1,1,0,1,1,0,0,1,0,0,1,1,0,1,0,0,0,0,0
"NA20756",1,1,1,1,1,1,1,1,1,1,1,0,1,1,1,0,1,1,1,1,1,0,1,1,0,1,1,0,1,1,0,0,1,1,0,1,0,0,0,0,0
"NA20757",2,2,2,2,2,2,2,2,1,2,2,1,2,2,2,1,2,2,2,0,1,0,2,2,1,1,2,1,0,2,0,1,1,1,1,1,1,1,1,0,1
"NA20758",0,0,0,0,0,0,0,0,0,0,0,0,0,0,0,0,0,0,0,0,0,0,0,0,0,0,0,0,0,0,0,0,0,0,0,0,0,0,0,0,0
"NA20759",0,0,0,0,0,0,0,0,0,0,0,0,0,0,0,0,0,0,0,0,0,1,0,0,0,0,0,0,0,0,1,0,0,0,0,0,0,0,0,0,0
"NA20760",0,0,0,0,0,0,0,0,0,0,0,0,0,0,0,0,1,1,0,0,0,0,1,0,0,0,0,0,0,0,0,0,0,0,0,0,0,0,0,0,0
"NA20761",2,2,2,2,2,2,2,1,1,2,2,1,2,2,2,1,2,2,2,0,1,0,2,2,1,1,2,1,0,2,0,1,1,1,1,1,1,1,1,1,1
"NA20765",0,0,0,1,0,0,0,1,0,0,0,0,1,0,0,0,1,0,0,0,1,0,1,0,0,1,1,0,0,1,0,0,1,1,0,1,0,0,0,0,0
"NA20766",1,1,1,1,1,1,1,1,1,1,1,0,1,1,1,0,1,1,1,1,1,0,1,1,0,1,1,0,1,1,0,0,1,1,0,1,0,0,0,0,0
"NA20768",0,0,0,0,0,0,0,0,0,0,0,0,0,0,0,0,1,1,0,0,0,0,1,0,0,0,0,0,0,0,0,0,0,0,0,0,0,0,0,0,0
"NA20769",1,1,1,1,1,1,1,0,0,1,1,1,1,1,1,1,1,1,1,0,0,0,1,1,1,0,1,1,0,1,0,1,0,0,1,0,1,1,1,1,1
"NA20770",1,1,1,1,1,1,1,1,1,1,1,0,1,1,1,0,1,1,1,0,1,0,1,1,0,1,1,0,0,1,0,0,1,1,0,1,0,0,0,0,1
"NA20771",1,1,1,1,1,1,1,1,1,1,1,0,1,1,1,0,1,1,1,1,1,0,1,1,0,1,1,0,1,1,0,0,1,1,0,1,0,0,0,0,0
"NA20772",2,2,2,2,2,2,2,1,1,2,2,1,2,2,2,1,2,2,2,1,1,0,2,2,1,1,2,1,1,2,0,1,1,1,1,1,1,1,1,0,0
"NA20773",1,1,1,1,1,1,1,0,0,1,1,1,1,1,1,1,1,1,1,0,0,0,2,1,1,1,2,1,0,2,0,1,1,0,1,1,1,1,1,1,1
"NA20774",0,0,0,0,0,0,0,0,0,0,0,0,0,0,0,0,0,0,0,0,0,1,0,0,0,0,0,0,0,0,1,0,0,0,0,0,0,0,0,0,0
"NA20778",0,0,0,1,0,0,0,1,0,0,0,0,1,0,0,0,1,0,0,0,1,0,1,0,0,1,1,0,0,1,0,0,1,1,0,1,0,0,0,0,0
"NA20783",1,2,2,2,2,2,1,1,1,2,1,0,1,1,1,0,1,1,1,0,1,0,2,2,0,1,1,0,0,2,0,0,1,1,0,1,0,0,0,0,0
"NA20785",1,1,1,1,1,1,1,0,0,1,1,1,1,1,1,1,1,1,1,0,0,0,1,1,1,0,1,1,0,1,0,1,0,0,1,0,1,1,1,1,1
"NA20786",1,1,1,1,1,1,1,1,1,1,1,0,1,1,1,0,1,1,1,0,1,0,1,1,0,1,1,0,0,1,0,0,1,1,0,1,0,0,0,0,0
"NA20787",0,1,0,1,0,1,1,1,0,0,0,0,0,0,0,0,0,0,0,0,0,0,1,0,0,0,0,0,0,0,0,0,0,0,0,0,0,0,0,0,0
"NA20790",2,2,2,2,2,2,2,2,2,2,2,0,2,2,2,0,2,2,2,2,2,0,2,2,0,2,2,0,2,2,0,0,2,2,0,2,0,0,0,0,0
"NA20792",1,1,1,1,1,1,1,1,1,1,1,0,1,1,1,0,1,1,1,1,1,0,1,1,0,1,1,0,1,1,0,0,1,1,0,1,0,0,0,0,0
"NA20795",1,1,1,1,1,1,1,1,1,1,1,0,1,1,1,0,1,1,1,1,1,0,1,1,0,1,1,0,1,1,0,0,1,1,0,1,0,0,0,0,0
"NA20796",2,2,2,2,2,2,2,2,2,2,2,0,2,2,2,0,2,2,2,2,2,0,2,2,0,2,2,0,2,2,0,0,2,2,0,2,0,0,0,0,0
"NA20797",0,0,0,0,0,0,0,0,0,0,0,0,0,0,0,0,0,0,0,0,0,0,0,0,0,0,0,0,0,0,0,0,0,0,0,0,0,0,0,0,0
"NA20798",1,1,1,1,1,1,1,1,1,1,1,0,1,1,1,0,1,1,1,1,1,0,1,1,0,1,1,0,1,1,0,0,1,1,0,1,0,0,0,0,0
"NA20799",1,1,1,1,1,1,1,1,1,1,1,0,1,1,1,0,1,1,1,1,1,0,1,1,0,1,1,0,1,1,0,0,1,1,0,1,0,0,0,0,0
"NA20800",1,1,1,2,1,1,1,2,1,1,1,0,2,1,1,0,2,1,1,1,2,0,2,1,0,2,2,0,1,2,0,0,2,2,0,2,0,0,0,0,0
"NA20801",1,1,1,1,1,1,1,1,1,1,1,0,1,1,1,0,2,2,1,1,1,0,2,1,0,1,1,0,1,1,0,0,1,1,0,1,0,0,0,0,0
"NA20802",1,1,1,1,1,1,1,1,1,1,1,0,1,1,1,0,1,1,1,1,1,0,1,1,0,1,1,0,1,1,0,0,1,1,0,1,0,0,0,0,0
"NA20803",0,0,0,0,0,0,0,0,0,0,0,0,0,0,0,0,1,1,0,0,0,0,1,0,0,0,0,0,0,0,0,0,0,0,0,0,0,0,0,0,0
"NA20804",1,1,1,1,1,1,1,0,0,1,1,1,1,1,1,1,1,1,1,0,0,0,1,1,1,0,1,1,0,1,0,1,0,0,1,0,1,1,1,1,1
"NA20805",1,1,1,2,1,1,1,2,1,1,1,0,2,1,1,0,2,1,1,1,2,0,2,1,0,2,2,0,1,2,0,0,2,2,0,2,0,0,0,0,0
"NA20806",1,1,1,1,1,1,1,1,1,1,1,0,1,1,1,0,1,1,1,1,1,0,1,1,0,1,1,0,1,0,0,0,1,1,0,1,0,0,0,0,0
"NA20807",1,1,1,1,1,1,1,0,0,1,1,1,1,1,1,1,1,1,1,0,0,0,1,1,1,0,1,1,0,1,0,1,0,0,1,0,1,1,1,0,0
"NA20808",2,2,2,2,2,2,2,1,0,2,2,2,2,2,2,2,2,2,2,0,0,0,2,2,2,0,2,2,0,2,0,1,0,0,1,0,1,1,1,0,1
"NA20809",1,1,1,1,1,1,1,1,1,1,1,0,1,1,1,0,1,1,1,1,1,1,1,1,0,1,1,0,1,1,1,0,1,1,0,1,0,0,0,0,0
"NA20810",2,2,2,2,2,2,2,1,1,2,2,1,2,2,2,1,2,2,2,1,1,0,2,2,1,1,2,1,1,2,0,1,1,1,1,1,1,1,1,1,1
"NA20811",1,1,1,1,1,1,1,0,0,1,1,1,1,1,1,1,1,1,1,0,0,0,1,1,1,0,1,1,0,1,0,1,0,0,1,0,1,1,1,1,1
"NA20812",1,1,1,1,1,1,1,0,0,1,1,1,1,1,1,1,1,1,1,0,0,0,1,1,1,0,1,1,0,1,0,1,0,0,1,0,1,1,1,0,1
"NA20813",1,1,1,1,1,1,1,1,1,1,1,0,1,1,1,0,1,1,1,0,1,0,1,1,0,1,1,0,1,1,0,0,1,1,0,1,0,0,0,0,0
"NA20814",0,0,0,0,0,0,0,0,0,0,0,0,0,0,0,0,0,0,0,0,0,0,0,0,0,0,0,0,0,0,0,0,0,0,0,0,0,0,0,0,0
"NA20815",1,1,1,1,1,1,1,1,1,1,1,0,1,1,1,0,1,1,1,1,1,0,1,1,0,1,1,0,1,1,0,0,1,1,0,1,0,0,0,0,1
"NA20816",0,0,0,0,0,0,0,0,0,0,0,0,0,0,0,0,0,0,0,0,0,0,0,0,0,0,0,0,0,0,0,0,0,0,0,0,0,0,0,0,2
"NA20819",1,1,1,1,1,1,1,0,0,1,1,1,1,1,1,1,1,1,1,0,0,0,1,1,1,0,1,1,0,1,0,2,0,0,2,0,2,2,2,1,2
"NA20826",0,0,0,0,0,0,0,0,0,0,0,0,0,0,0,0,0,0,0,0,0,0,0,0,0,0,0,0,0,0,0,0,0,0,0,0,0,0,0,0,0
"NA20828",0,1,1,1,1,1,0,0,0,1,0,0,0,0,0,0,0,0,0,0,0,1,1,1,0,0,0,0,0,1,1,0,0,0,0,0,0,0,0,0,0
