"Sample","rs78956323","rs34361574","rs1911944","rs11749261","rs4352632","rs112934562","rs6452715","rs6452716","rs62376304","rs62376306","rs17476297","rs4920669","rs2898540","rs79128709","rs6885407","rs10491416","rs17477971","rs16902342","rs254740","rs1374024","rs254744","rs254741","rs62374176"
"HG00105",0,2,2,2,2,0,2,2,2,2,2,0,1,1,1,0,2,1,0,2,0,0,2
"HG00107",0,1,2,2,2,0,2,2,1,1,1,0,0,0,0,0,1,0,0,1,0,0,1
"HG00115",0,0,0,0,0,0,0,0,0,0,0,0,0,0,0,1,1,0,0,1,0,0,0
"HG00132",0,1,1,1,1,0,1,1,1,1,1,1,0,0,0,1,1,0,0,1,0,0,0
"HG00145",1,0,2,2,2,0,2,2,0,0,0,0,1,1,1,0,1,1,0,1,0,0,1
"HG00157",0,0,0,0,0,0,0,0,0,0,0,0,0,0,0,2,2,0,0,2,0,0,0
"HG00181",0,0,1,1,1,0,1,1,0,0,0,0,0,0,0,0,0,0,1,0,1,1,0
"HG00308",1,0,2,2,2,0,2,2,0,0,0,0,1,1,1,0,1,1,1,1,1,1,1
"HG00365",0,1,1,1,1,0,1,1,1,1,1,0,0,0,0,1,2,0,0,2,0,0,1
"HG00371",0,0,0,0,0,0,0,0,0,0,0,0,1,1,1,0,1,1,0,1,0,0,1
"HG00379",0,0,0,0,0,0,0,0,0,0,0,0,0,0,0,0,0,0,2,0,2,2,0
"HG00380",0,2,2,2,2,0,2,2,2,2,2,0,0,0,0,0,2,0,0,2,0,0,2
"HG01789",0,0,0,0,0,0,0,0,0,0,0,0,0,0,0,0,0,0,2,0,2,2,0
"HG01790",0,1,1,1,1,0,1,1,1,1,1,0,0,0,0,0,1,0,1,1,1,1,1
"HG01791",0,0,0,0,0,0,0,0,0,0,0,0,0,0,0,0,0,0,1,0,1,1,0
"HG02215",0,0,0,0,0,0,0,0,0,0,0,0,0,0,0,1,1,0,0,1,0,0,0
"NA06985",0,1,1,1,1,0,1,1,1,1,1,0,0,0,0,0,1,0,0,1,0,0,1
"NA07346",0,0,0,0,0,0,0,0,0,0,0,0,0,0,0,1,1,0,0,1,0,1,0
"NA11832",0,1,1,1,1,0,1,1,1,1,1,1,0,0,0,0,1,0,0,1,0,0,1
"NA11840",0,1,1,1,1,0,1,1,1,1,1,0,0,0,0,1,2,0,0,2,0,0,1
"NA11881",0,2,2,2,2,1,2,2,0,0,0,0,0,0,0,0,0,0,0,0,0,0,0
"NA11918",0,0,0,0,0,0,0,0,0,0,0,1,0,0,0,0,1,0,1,0,1,1,0
"NA12005",0,0,0,0,0,0,0,0,0,0,0,0,0,0,0,0,0,0,0,0,0,0,0
"NA12156",0,0,0,0,0,0,0,0,0,0,0,0,0,0,0,0,1,0,1,1,1,1,1
"NA12234",0,1,1,1,1,1,1,1,0,0,0,0,0,0,0,0,0,0,0,0,0,0,0
"NA12760",0,0,0,0,0,0,0,0,0,0,0,0,0,0,0,0,0,0,1,0,1,1,0
"NA12762",0,1,1,1,1,0,1,1,1,1,1,0,0,0,0,0,1,0,1,1,1,1,1
"NA12776",0,0,0,0,0,0,0,0,0,0,0,0,0,0,0,0,0,0,1,0,1,1,0
"NA12813",0,0,0,0,0,0,0,0,0,0,0,0,0,0,0,0,0,0,2,0,2,2,0
"NA18488",0,0,0,0,0,0,0,0,0,0,0,2,0,0,0,0,0,0,0,0,0,0,0
"NA19092",0,0,0,0,0,0,0,0,0,0,0,0,0,0,0,0,0,0,0,0,0,0,1
"NA19141",0,0,0,0,0,0,0,0,0,0,0,1,0,0,0,0,0,0,1,0,1,0,0
"NA19143",0,0,0,0,0,0,0,0,0,0,0,0,1,0,1,0,2,0,0,2,0,0,0
"NA19144",0,0,0,0,0,0,0,0,0,0,0,1,0,0,0,0,0,0,0,0,0,0,0
"NA19153",0,0,0,0,0,0,0,0,0,0,0,0,0,0,0,0,0,0,1,0,1,1,0
"NA19159",1,0,2,2,2,0,2,2,0,0,0,0,0,0,0,0,0,0,0,0,0,0,0
"NA19184",1,0,1,1,1,0,1,1,0,0,0,0,2,1,2,0,2,0,0,2,0,0,1
"NA19201",0,0,2,2,2,0,2,2,0,0,0,0,0,0,0,0,2,0,0,2,0,0,2
"NA19206",0,0,0,0,0,0,0,0,0,0,0,2,0,0,0,0,0,0,0,0,0,0,0
"NA19210",0,0,0,0,0,0,0,0,0,0,0,0,0,0,0,0,0,0,0,0,0,0,0
"NA19214",0,1,1,1,2,0,2,2,0,0,0,0,0,0,0,0,1,0,0,1,0,0,0
"NA20514",0,1,1,1,1,1,1,1,0,0,0,0,0,0,0,0,0,0,1,0,1,1,0
"HG00096",1,0,1,1,1,0,1,1,0,0,0,0,1,1,1,0,1,1,1,1,1,1,1
"HG00097",0,1,1,1,1,0,1,1,1,1,1,0,1,0,1,0,2,0,0,2,0,0,1
"HG00099",0,1,1,1,1,1,1,1,0,0,0,0,0,0,1,0,1,0,0,1,0,0,1
"HG00100",0,0,0,0,0,0,0,0,0,0,0,0,0,0,0,0,0,0,0,0,0,0,0
"HG00101",0,1,1,1,1,0,1,1,1,1,1,0,0,0,0,0,1,0,0,1,0,0,1
"HG00102",1,1,1,1,1,0,1,1,0,0,0,1,0,0,0,1,1,0,0,1,0,0,0
"HG00103",0,1,1,1,1,0,1,1,2,1,1,0,0,0,0,0,1,0,1,1,1,1,1
"HG00104",0,1,1,1,1,0,1,1,1,1,1,0,0,0,1,0,2,0,0,2,0,0,1
"HG00106",0,0,0,0,0,0,0,0,0,0,0,0,0,0,0,0,0,0,0,0,0,0,0
"HG00108",0,2,2,2,2,0,2,2,0,0,0,0,0,0,0,0,0,0,1,0,1,1,0
"HG00109",0,0,0,0,0,0,0,0,0,0,0,0,0,0,0,0,0,0,2,0,2,2,0
"HG00110",0,1,1,1,1,1,1,1,0,0,0,0,0,0,0,0,0,0,0,0,0,0,0
"HG00111",0,0,0,0,0,0,0,0,0,0,0,0,0,0,0,0,0,0,1,0,1,1,0
"HG00112",0,1,1,1,1,0,1,1,0,0,0,0,0,0,0,0,0,0,0,0,0,0,0
"HG00114",0,2,2,2,2,0,2,2,1,1,1,0,0,0,0,0,1,0,0,1,0,0,1
"HG00116",0,0,0,0,0,0,0,0,0,0,0,0,0,0,0,1,1,0,1,1,1,1,0
"HG00117",1,1,2,2,2,0,2,2,1,1,1,0,1,1,1,0,2,1,0,2,0,0,2
"HG00118",0,1,1,1,1,0,1,1,1,1,1,0,0,0,0,0,1,0,1,1,1,1,1
"HG00119",1,1,1,1,1,0,1,1,0,0,0,1,0,0,0,1,1,0,1,1,1,1,0
"HG00120",0,0,0,0,0,0,0,0,0,0,0,0,0,0,0,1,1,0,1,1,1,1,0
"HG00121",0,1,2,2,2,0,2,2,0,0,0,0,0,0,0,0,0,0,1,0,1,1,0
"HG00122",1,0,2,2,2,0,2,2,0,0,0,0,1,1,1,0,1,1,0,1,0,0,1
"HG00123",1,0,1,1,1,0,1,1,0,0,0,0,1,1,1,0,1,1,0,1,0,0,1
"HG00124",0,1,1,1,1,1,1,1,0,0,0,0,0,0,0,0,0,0,1,0,1,1,0
"HG00125",0,1,1,1,1,0,1,1,1,1,1,0,0,0,0,0,1,0,0,1,0,0,1
"HG00126",0,0,0,0,0,0,0,0,0,0,0,0,0,0,0,1,1,0,1,1,1,2,0
"HG00127",0,0,0,0,0,0,0,0,0,0,0,0,0,0,0,0,0,0,0,0,0,0,0
"HG00128",1,0,1,1,1,0,1,1,0,0,0,0,2,2,2,0,2,2,0,2,0,0,2
"HG00129",1,0,1,1,1,0,1,1,0,0,0,0,1,1,1,1,2,1,0,2,0,0,1
"HG00130",1,0,1,1,1,0,1,1,0,0,0,0,1,0,1,0,1,0,1,1,1,1,1
"HG00131",0,1,1,1,1,0,1,1,1,1,1,0,0,0,1,0,2,0,0,2,0,0,2
"HG00133",1,0,1,1,1,0,1,1,0,0,0,1,0,0,1,0,1,0,0,1,0,0,1
"HG00134",0,0,0,0,0,0,0,0,0,0,0,0,0,0,0,0,0,0,2,0,2,2,0
"HG00135",0,0,0,0,0,0,0,0,0,0,0,1,0,0,0,0,0,0,1,0,1,1,0
"HG00136",0,1,1,1,1,0,1,1,1,1,1,0,0,0,0,0,2,0,0,2,0,0,2
"HG00137",0,0,0,0,0,0,0,0,0,0,0,0,0,0,0,0,0,0,1,0,1,1,0
"HG00138",0,0,0,0,0,0,0,0,0,0,0,0,1,1,1,0,1,1,0,1,0,0,1
"HG00139",0,0,0,0,0,0,0,0,0,0,0,0,0,0,0,0,0,0,1,0,1,1,0
"HG00141",0,1,1,1,1,0,1,1,1,1,1,0,0,0,0,0,1,0,1,1,1,1,1
"HG00142",0,0,0,0,0,0,0,0,0,0,0,0,0,0,0,0,0,0,1,0,1,1,0
"HG00143",0,0,0,0,0,0,0,0,0,0,0,1,0,0,0,1,1,0,0,1,0,1,0
"HG00146",0,1,1,1,1,1,1,1,0,0,0,0,0,0,0,0,0,0,0,0,0,0,0
"HG00148",1,1,2,2,2,1,2,2,0,0,0,0,1,1,1,0,1,1,0,1,0,0,1
"HG00149",0,1,1,1,1,0,1,1,1,1,1,0,0,0,0,0,1,0,0,1,0,0,1
"HG00150",0,0,0,0,0,0,0,0,0,0,0,0,0,0,0,0,0,0,0,0,0,0,0
"HG00151",0,1,1,1,1,1,1,1,0,0,0,1,0,0,0,1,1,0,0,1,0,0,0
"HG00152",0,1,1,1,1,0,1,1,0,0,0,0,0,0,1,0,1,0,0,1,0,0,1
"HG00154",0,2,2,2,2,0,2,2,1,1,1,0,1,1,1,0,2,1,0,2,0,0,2
"HG00155",0,2,2,2,2,1,2,2,1,1,1,0,0,0,0,0,1,0,0,1,0,0,1
"HG00156",1,0,0,0,0,0,0,0,0,0,0,1,0,0,0,1,1,0,1,1,1,1,0
"HG00158",0,0,0,0,0,0,0,0,0,0,0,0,0,0,0,0,1,0,1,1,1,1,1
"HG00159",0,0,0,0,0,0,0,0,0,0,0,1,0,0,0,0,0,0,0,0,0,0,0
"HG00160",0,1,1,1,1,0,1,1,1,1,1,0,0,0,0,1,2,0,0,2,0,0,1
"HG00171",1,0,2,2,2,0,2,2,0,0,0,0,1,1,1,0,1,1,1,1,1,1,1
"HG00173",0,0,0,0,0,0,0,0,0,0,0,0,0,0,0,0,0,0,2,0,2,2,0
"HG00174",0,0,0,0,0,0,0,0,0,0,0,0,0,0,0,0,0,0,2,0,2,2,0
"HG00176",0,1,2,2,2,0,2,2,1,1,1,0,0,0,0,0,1,0,1,1,1,1,1
"HG00177",0,0,0,0,0,0,0,0,0,0,0,0,0,0,0,1,1,0,1,1,1,1,0
"HG00178",0,0,0,0,0,0,0,0,0,0,0,0,2,1,1,0,1,1,1,1,1,1,1
"HG00179",0,0,0,0,0,0,0,0,0,0,0,0,0,0,0,1,1,0,1,1,1,1,0
"HG00180",0,1,2,2,2,0,2,2,1,0,1,0,0,0,0,0,1,0,1,1,1,1,1
"HG00182",0,1,1,1,1,0,1,1,1,1,1,0,0,0,0,0,1,0,1,1,1,1,1
"HG00183",0,0,0,0,0,0,0,0,0,0,0,0,0,0,0,0,1,0,1,1,1,1,1
"HG00185",0,0,1,1,1,0,1,1,0,0,0,0,0,0,1,0,1,0,1,1,1,1,0
"HG00186",0,1,2,2,2,0,2,2,1,1,1,0,0,0,0,0,1,0,1,1,1,1,1
"HG00187",0,0,0,0,0,0,0,0,0,0,0,0,0,0,0,1,1,0,1,1,1,1,0
"HG00188",1,1,2,2,2,0,2,2,1,1,1,0,1,1,1,0,2,1,0,2,0,0,2
"HG00189",0,1,1,1,1,0,1,1,1,1,1,0,0,0,0,0,1,0,0,1,0,0,1
"HG00231",0,0,0,0,0,0,0,0,0,0,0,0,0,0,0,0,0,0,0,0,0,0,0
"HG00232",1,0,1,1,1,0,1,1,0,0,0,0,1,1,1,0,1,1,1,1,1,1,1
"HG00233",0,1,1,1,1,0,1,1,1,1,1,0,0,0,0,0,1,0,0,1,0,0,1
"HG00234",0,0,0,0,0,0,0,0,0,0,0,0,0,0,0,0,0,0,1,0,1,1,0
"HG00235",1,0,0,0,0,0,0,0,0,0,0,0,0,0,0,1,1,0,1,1,1,1,0
"HG00236",0,0,0,0,0,0,0,0,0,0,0,0,0,0,0,1,1,0,0,1,0,0,0
"HG00237",0,2,2,2,2,2,2,2,0,0,0,0,0,0,0,0,0,0,1,0,1,1,0
"HG00238",0,0,0,0,0,0,0,0,0,0,0,0,0,0,0,0,0,0,1,0,1,1,0
"HG00239",0,0,0,0,0,0,0,0,0,0,0,0,0,0,0,0,0,0,1,0,1,1,0
"HG00240",0,1,1,1,1,1,1,1,0,0,0,0,0,0,0,0,0,0,2,0,2,2,0
"HG00242",0,0,0,0,0,0,0,0,0,0,0,0,0,0,1,0,1,0,0,1,0,0,0
"HG00243",0,1,1,1,1,0,1,1,1,1,1,0,1,1,1,0,1,1,0,1,0,0,1
"HG00244",0,1,1,1,1,0,1,1,1,1,1,0,0,0,0,0,2,0,0,2,0,0,1
"HG00245",0,0,0,0,0,0,0,0,0,0,0,0,0,0,0,1,1,0,0,1,0,0,0
"HG00246",0,2,2,2,2,1,2,2,1,1,1,0,0,0,0,0,1,0,0,1,0,0,1
"HG00247",1,0,2,2,2,0,2,2,0,0,0,0,1,1,1,0,1,1,0,0,0,0,0
"HG00249",0,1,1,1,1,0,1,1,1,1,1,0,0,0,0,0,1,0,1,1,1,1,1
"HG00250",0,1,1,1,1,0,1,1,1,1,1,0,0,0,0,0,1,0,1,1,1,1,1
"HG00251",0,1,1,1,1,0,1,1,1,1,1,0,0,0,0,0,1,0,0,1,0,0,1
"HG00252",0,1,1,1,1,0,1,1,0,0,0,0,0,0,0,0,0,0,1,0,1,1,0
"HG00253",1,0,1,1,1,0,1,1,0,0,0,0,1,1,1,1,2,1,0,2,0,0,1
"HG00255",0,0,0,0,0,0,0,0,0,0,0,0,0,0,0,0,0,0,2,0,2,2,0
"HG00256",0,2,2,2,2,1,2,2,1,1,1,0,0,0,0,0,1,0,0,1,0,0,1
"HG00257",1,0,1,1,1,0,1,1,0,0,0,0,1,1,1,0,1,1,1,1,1,1,1
"HG00258",1,0,0,0,0,0,0,0,0,0,0,0,0,0,1,0,1,0,0,1,0,0,1
"HG00259",0,0,0,0,0,0,0,0,0,0,0,1,1,1,1,1,2,1,0,2,0,0,1
"HG00260",0,1,1,1,1,0,1,1,1,1,1,0,0,0,0,0,1,0,1,1,1,1,1
"HG00261",0,0,0,0,0,0,0,0,0,0,0,0,0,0,0,2,2,0,0,2,0,0,0
"HG00262",0,1,1,1,1,0,1,1,0,0,0,0,0,0,0,0,0,0,1,0,0,0,0
"HG00263",0,0,0,0,0,0,0,0,0,0,0,0,0,0,0,0,0,0,2,0,2,2,0
"HG00264",0,1,1,1,1,1,1,1,0,0,0,0,0,0,0,0,0,0,0,0,0,0,0
"HG00265",0,0,0,0,0,0,0,0,0,0,0,0,0,0,0,0,0,0,0,0,0,0,0
"HG00266",0,0,0,0,0,0,0,0,0,0,0,0,0,0,0,0,0,0,1,0,1,1,0
"HG00267",0,0,1,1,1,0,1,1,0,0,0,0,0,0,0,0,0,0,1,0,1,2,0
"HG00268",1,0,0,0,0,0,0,0,0,0,0,1,0,0,0,1,1,0,0,1,0,0,0
"HG00269",1,0,0,0,0,0,0,0,0,0,0,1,1,1,1,0,1,1,0,1,0,0,0
"HG00271",0,0,1,1,1,0,1,1,0,0,1,0,0,0,0,0,0,0,1,0,1,1,0
"HG00272",0,0,0,0,0,0,0,0,0,0,0,0,0,0,0,1,1,0,0,1,0,0,0
"HG00273",0,1,1,1,1,0,1,1,0,0,0,0,0,0,0,0,0,0,0,0,0,0,0
"HG00274",0,1,1,1,1,0,1,1,1,1,1,0,0,0,0,0,1,0,0,1,0,0,1
"HG00275",0,2,2,2,2,0,2,2,1,1,1,0,0,0,0,0,1,0,0,1,0,0,1
"HG00276",0,0,0,0,0,0,0,0,0,0,0,0,0,0,0,0,0,0,1,0,1,1,0
"HG00277",0,0,0,0,0,0,0,0,0,0,0,0,0,0,0,0,0,0,2,0,2,2,0
"HG00278",0,0,1,1,1,0,1,1,0,0,0,0,0,0,0,0,0,0,2,0,2,2,0
"HG00280",0,1,1,1,1,1,1,1,0,0,0,0,0,0,0,0,0,0,1,0,1,1,0
"HG00281",0,1,1,1,1,0,1,1,1,1,1,0,0,0,0,0,1,0,1,1,1,1,1
"HG00282",1,0,2,2,2,0,2,2,0,0,0,0,1,1,1,0,1,1,1,1,1,1,1
"HG00284",0,1,1,1,1,0,1,1,1,1,1,0,0,0,0,0,1,0,0,1,0,0,1
"HG00285",0,0,0,0,0,0,0,0,0,0,0,0,0,0,0,0,0,0,2,0,2,2,0
"HG00306",0,1,1,1,1,1,1,1,0,0,0,0,0,0,0,0,0,0,0,0,0,0,0
"HG00309",0,0,0,0,0,0,0,0,0,0,0,0,0,0,0,1,1,0,1,1,1,1,0
"HG00310",0,0,0,0,0,0,0,0,0,0,0,0,0,0,0,0,0,0,2,0,2,2,0
"HG00311",0,0,0,0,0,0,0,0,0,0,0,0,0,0,1,0,1,0,1,1,1,1,1
"HG00312",1,0,1,1,1,0,1,1,0,0,0,0,0,0,0,0,0,0,1,0,1,1,0
"HG00313",0,1,1,1,1,1,1,1,0,0,0,0,0,0,0,0,0,0,1,0,1,1,0
"HG00315",0,0,0,0,0,0,0,0,0,0,0,0,0,0,0,0,0,0,2,0,2,2,0
"HG00319",1,0,2,2,2,0,2,2,0,0,0,0,1,1,1,0,1,1,1,1,1,1,1
"HG00320",0,1,1,1,1,0,1,1,1,1,1,0,0,0,0,0,1,0,0,1,0,0,1
"HG00321",0,1,1,1,1,1,1,1,0,0,0,0,0,0,0,0,0,0,1,0,1,0,0
"HG00323",0,1,1,1,1,0,1,1,1,1,1,0,0,0,1,0,2,0,0,2,0,0,2
"HG00324",0,2,2,2,2,0,2,2,1,1,1,0,0,0,0,0,1,0,1,1,1,1,1
"HG00325",0,1,1,1,1,1,1,1,0,0,0,0,0,0,0,0,0,0,1,0,1,1,0
"HG00326",0,0,0,0,0,0,0,0,0,0,0,0,1,1,1,0,1,1,0,1,0,0,1
"HG00327",0,1,1,1,1,0,1,1,1,1,1,0,0,0,0,0,1,0,1,1,1,1,1
"HG00328",2,0,0,0,0,0,0,0,0,0,0,2,0,0,0,2,2,0,0,2,0,0,0
"HG00329",0,0,0,0,0,0,0,0,0,0,0,0,0,0,0,2,2,0,0,2,0,0,0
"HG00330",0,1,1,1,1,0,1,1,1,1,1,0,1,1,1,1,2,1,0,2,0,0,1
"HG00331",0,0,0,0,0,0,0,0,0,0,0,0,0,0,0,1,1,0,1,1,1,1,0
"HG00332",0,0,0,0,0,0,0,0,0,0,0,1,0,0,0,1,1,0,0,1,0,0,0
"HG00334",0,1,1,1,1,0,1,1,0,0,0,0,0,0,0,0,0,0,1,0,1,1,0
"HG00335",0,0,0,0,0,0,0,0,0,0,0,0,0,0,0,1,1,0,1,1,1,1,0
"HG00336",0,0,0,0,0,0,0,0,0,0,0,0,0,0,0,0,0,0,0,0,0,0,0
"HG00337",0,1,1,1,1,0,1,1,2,2,2,0,0,0,0,0,2,0,0,2,0,0,2
"HG00338",0,0,0,0,0,0,0,0,0,0,0,0,0,0,0,0,0,0,2,0,2,2,0
"HG00339",0,0,0,0,0,0,0,0,0,0,0,0,0,0,0,0,0,0,0,0,0,0,0
"HG00341",0,0,0,0,0,0,0,0,0,0,0,0,0,0,0,0,0,0,1,0,1,1,0
"HG00342",1,1,2,2,2,0,2,2,1,1,1,0,0,0,0,0,1,0,0,1,0,0,1
"HG00343",0,0,0,0,0,0,0,0,0,0,0,0,0,0,0,0,0,0,2,0,2,2,0
"HG00344",0,0,0,0,0,0,0,0,0,0,0,0,0,0,0,0,0,0,1,0,1,1,0
"HG00345",1,0,1,1,1,0,1,1,0,0,0,0,1,1,1,0,1,1,0,1,0,0,1
"HG00346",1,1,2,2,2,0,2,2,1,1,1,0,1,1,1,0,1,1,0,1,0,0,1
"HG00349",0,0,0,0,0,0,0,0,0,0,0,0,0,0,0,0,0,0,1,0,1,1,0
"HG00350",1,0,1,1,1,0,1,1,0,0,0,1,1,1,1,0,1,1,0,1,0,0,1
"HG00351",0,0,1,1,1,0,1,1,0,0,0,0,0,0,0,0,0,0,2,0,2,2,0
"HG00353",0,1,1,1,1,0,1,1,1,1,1,0,0,0,0,0,1,0,1,1,1,1,1
"HG00355",0,0,0,0,0,0,0,0,0,0,0,0,0,0,0,1,1,0,0,1,0,0,0
"HG00356",0,0,0,0,0,0,0,0,0,0,0,1,0,0,0,0,0,0,1,0,1,1,0
"HG00358",1,0,0,0,0,0,0,0,0,0,0,1,0,0,0,1,1,0,1,1,1,1,0
"HG00359",0,1,1,1,1,0,1,1,1,1,1,0,0,0,0,0,1,0,0,1,0,0,1
"HG00360",0,1,1,1,1,0,1,1,1,1,1,0,0,0,0,0,1,0,0,1,0,0,1
"HG00361",0,0,0,0,0,0,0,0,0,0,0,0,0,0,0,0,0,0,1,0,1,1,0
"HG00362",0,0,0,0,0,0,0,0,0,0,0,0,0,0,0,0,0,0,2,0,2,2,0
"HG00364",1,0,1,1,1,0,1,1,0,0,0,0,0,0,0,0,0,0,1,0,1,1,0
"HG00366",0,0,0,0,0,0,0,0,0,0,0,0,1,1,1,1,2,1,0,2,0,0,1
"HG00367",0,0,0,0,0,0,0,0,0,0,0,0,0,0,0,1,1,0,0,1,0,0,0
"HG00369",0,1,1,1,1,0,1,1,1,1,1,0,0,0,0,1,2,0,0,2,0,0,1
"HG00372",0,1,1,1,1,0,1,1,0,0,0,0,1,1,1,0,1,1,0,1,0,0,1
"HG00373",0,0,0,0,0,0,0,0,0,0,0,0,0,0,0,0,0,0,1,0,0,0,0
"HG00375",1,0,1,1,1,0,1,1,0,0,0,0,0,0,1,0,1,0,1,1,1,1,1
"HG00376",1,0,0,0,0,0,0,0,0,0,0,1,0,0,0,1,1,0,0,1,0,0,0
"HG00377",1,0,0,0,0,0,0,0,0,0,0,1,1,1,1,0,1,1,1,1,1,1,0
"HG00378",0,0,0,0,0,0,0,0,0,0,0,0,0,0,0,0,0,0,2,0,2,2,0
"HG00381",0,0,0,0,0,0,0,0,0,0,0,0,0,0,0,0,0,0,1,0,1,1,0
"HG00382",2,0,2,2,2,0,2,2,0,0,0,0,1,2,2,0,2,2,0,2,0,0,1
"HG00383",0,0,0,0,0,0,0,0,0,0,0,0,0,0,0,1,1,0,1,1,1,1,0
"HG00384",0,0,0,0,0,0,0,0,0,0,0,0,0,0,0,0,0,0,2,0,2,2,0
"HG01334",0,0,0,0,0,0,0,0,0,0,0,1,0,0,0,0,0,0,1,0,1,1,0
"NA06984",0,0,0,0,0,0,0,0,0,0,0,0,0,0,0,1,1,0,0,1,0,0,0
"NA06986",0,0,0,0,0,0,0,0,0,0,0,0,0,0,0,0,0,0,2,0,2,2,0
"NA06989",0,1,1,1,1,0,1,1,1,1,1,0,0,0,0,0,1,0,1,1,1,1,1
"NA06994",0,0,0,0,0,0,0,0,0,0,0,0,0,0,0,2,2,0,0,2,0,0,0
"NA07000",0,1,1,1,1,0,1,1,0,0,0,0,0,0,0,0,0,0,1,0,1,1,0
"NA07037",0,1,1,1,1,1,1,1,1,1,1,0,0,0,1,0,1,0,0,1,0,0,1
"NA07048",1,0,1,1,1,0,1,1,0,0,0,0,1,1,2,0,2,1,0,2,0,0,1
"NA07051",1,0,0,0,0,0,0,0,0,0,0,0,0,0,0,0,0,0,1,0,1,1,0
"NA07056",0,0,0,0,0,0,0,0,0,0,0,0,0,0,0,0,0,0,1,0,1,1,0
"NA07347",0,1,1,1,1,0,1,1,1,1,1,0,0,0,0,0,1,0,0,1,0,0,1
"NA07357",0,1,1,1,1,1,1,1,0,0,0,0,0,0,0,0,0,0,1,0,1,1,0
"NA10847",1,0,1,1,1,0,1,1,0,0,0,0,1,1,1,1,2,1,0,2,0,1,1
"NA10851",1,1,2,2,2,0,2,2,1,1,1,0,0,0,1,0,1,0,0,1,0,0,0
"NA11829",0,1,1,1,1,0,1,1,1,1,1,1,0,0,0,1,1,0,1,1,1,1,0
"NA11830",0,1,1,1,1,0,1,1,0,0,0,0,0,0,0,0,0,0,0,0,0,0,0
"NA11831",1,1,1,1,1,0,1,1,1,1,1,1,0,0,0,1,1,0,1,1,1,1,0
"NA11843",0,0,0,0,0,0,0,0,0,0,0,0,0,0,1,0,1,0,0,1,0,0,1
"NA11892",0,0,0,0,0,0,0,0,0,0,0,0,0,0,0,1,1,0,0,1,0,0,0
"NA11893",0,0,0,0,0,0,0,0,0,0,0,0,0,0,0,0,0,0,1,0,1,1,0
"NA11894",0,0,0,0,0,0,0,0,0,0,0,0,0,0,0,0,0,0,0,0,0,0,0
"NA11920",0,1,1,1,1,0,1,1,1,1,1,0,0,0,0,0,1,0,1,1,1,1,1
"NA11930",0,0,0,0,0,0,0,0,0,0,0,0,0,0,0,1,1,0,1,1,1,1,0
"NA11931",0,0,0,0,0,0,0,0,0,0,0,0,0,0,0,1,1,0,0,1,0,0,0
"NA11992",0,2,2,2,2,0,2,2,2,2,2,0,0,0,0,0,2,0,0,2,0,0,2
"NA11993",0,1,1,1,1,0,1,1,0,0,1,0,0,0,0,0,1,0,1,1,1,1,1
"NA11994",0,0,0,0,0,0,0,0,0,0,0,0,0,0,0,0,0,0,2,0,2,2,0
"NA11995",0,0,0,0,0,0,0,0,0,0,0,0,0,0,0,0,0,0,1,0,1,1,0
"NA12004",1,0,1,1,1,0,1,1,0,0,0,0,1,1,1,1,2,1,0,2,0,0,0
"NA12006",1,0,0,0,0,0,0,0,0,0,0,0,0,0,0,0,0,0,1,0,1,1,1
"NA12043",0,1,1,1,1,0,1,1,1,1,1,0,0,0,0,0,1,0,1,1,1,1,1
"NA12044",0,1,1,1,1,0,1,1,1,1,1,0,1,1,1,0,2,1,0,2,0,0,2
"NA12045",0,1,1,1,1,0,1,1,1,1,1,0,0,0,0,0,1,0,0,1,0,0,1
"NA12058",0,0,0,0,0,0,0,0,0,0,0,0,0,0,0,0,0,0,1,0,0,0,0
"NA12144",0,1,1,1,1,0,1,1,0,0,0,0,0,0,0,1,1,0,0,1,0,0,0
"NA12154",0,0,0,0,0,0,0,0,0,0,0,0,0,0,0,0,0,0,2,0,2,2,0
"NA12155",0,2,2,2,2,0,2,2,2,2,2,0,0,0,0,0,2,0,0,2,0,0,2
"NA12249",2,0,2,2,2,0,2,2,0,0,0,0,2,2,2,0,2,2,0,2,0,0,2
"NA12272",0,0,0,0,0,0,0,0,0,0,0,0,0,0,0,1,1,0,0,1,0,0,0
"NA12273",0,1,1,1,1,0,1,1,1,1,1,0,0,0,0,0,1,0,1,1,1,1,1
"NA12275",0,1,1,1,1,0,1,1,1,1,1,0,1,1,1,0,2,1,0,2,0,0,2
"NA12282",0,0,1,1,1,0,1,1,0,0,0,0,0,0,0,1,1,0,1,1,1,1,0
"NA12283",0,1,1,1,1,1,1,1,0,0,0,0,0,0,0,1,2,0,0,2,0,1,1
"NA12286",0,1,1,1,1,0,1,1,0,0,0,0,0,0,0,0,0,0,1,0,1,1,0
"NA12287",0,1,1,1,1,0,1,1,1,1,1,1,0,0,0,0,1,0,0,1,0,0,1
"NA12340",0,0,0,0,0,0,0,0,0,0,0,0,0,0,0,0,0,0,1,0,1,1,0
"NA12341",0,0,0,0,0,0,0,0,0,0,0,0,0,0,0,0,0,0,1,0,1,1,0
"NA12342",0,2,2,2,2,0,2,2,2,2,2,0,0,0,0,0,2,0,0,2,0,0,2
"NA12347",1,0,1,1,1,0,1,1,0,0,0,0,1,1,1,0,1,1,1,1,1,1,1
"NA12348",0,1,1,1,1,0,1,1,1,1,1,0,0,0,0,0,1,0,1,1,1,1,1
"NA12383",1,0,0,0,0,0,0,0,0,0,0,1,0,0,0,1,1,0,1,1,1,1,0
"NA12399",0,2,2,2,2,1,2,2,1,1,1,0,0,0,0,0,1,0,0,1,0,0,0
"NA12400",0,0,0,0,0,0,0,0,0,0,0,0,0,0,0,1,1,0,0,1,0,0,0
"NA12413",1,1,1,1,1,0,1,1,1,1,1,1,0,0,0,1,2,0,0,2,0,0,1
"NA12489",0,0,0,0,0,0,0,0,0,0,0,0,0,0,0,0,0,0,2,0,2,2,0
"NA12546",1,1,2,2,2,0,2,2,1,1,1,0,1,1,1,0,2,1,0,2,0,0,2
"NA12716",0,0,0,0,0,0,0,0,0,0,0,0,0,0,0,0,0,0,0,0,0,0,0
"NA12717",0,1,1,1,1,0,1,1,1,1,1,0,0,0,0,0,1,0,0,1,0,0,1
"NA12718",0,1,1,1,1,0,1,1,0,0,0,1,0,0,0,1,1,0,1,1,1,1,0
"NA12749",0,0,0,0,0,0,0,0,0,0,0,0,0,0,0,0,0,0,0,0,0,0,0
"NA12750",1,0,0,0,0,0,0,0,0,0,0,1,0,0,0,1,1,0,0,1,0,0,0
"NA12751",0,0,1,1,1,0,1,1,0,0,0,1,0,0,0,0,0,0,0,0,0,0,0
"NA12761",0,1,1,1,1,0,1,1,1,1,1,0,0,0,0,0,1,0,0,1,0,0,1
"NA12763",0,0,0,0,0,0,0,0,1,1,1,0,0,0,0,0,1,0,0,1,0,0,1
"NA12775",0,0,0,0,0,0,0,0,0,0,0,0,0,0,0,1,1,0,0,1,0,0,0
"NA12777",0,0,0,0,0,0,0,0,0,0,0,0,0,0,0,0,0,0,2,0,2,2,0
"NA12778",1,1,2,2,2,0,2,2,1,1,1,0,1,1,1,0,1,1,1,1,1,1,1
"NA12812",1,0,2,2,2,0,2,2,0,0,0,0,1,1,1,0,1,1,1,1,1,1,1
"NA12814",0,1,1,1,1,0,1,1,1,1,1,0,0,0,0,0,1,0,1,1,1,1,1
"NA12815",0,0,0,0,0,0,0,0,0,0,0,0,0,0,0,0,0,0,2,0,2,2,0
"NA12827",0,0,0,0,0,0,0,0,0,0,0,0,0,0,0,0,0,0,1,0,1,1,0
"NA12829",0,0,0,0,0,0,0,0,0,0,0,0,0,0,0,0,0,0,1,0,1,1,0
"NA12830",0,0,0,0,0,0,0,0,0,0,0,0,0,0,0,0,0,0,2,0,2,2,0
"NA12842",0,0,0,0,0,0,0,0,0,0,0,0,0,0,0,0,0,0,2,0,2,2,0
"NA12843",0,1,1,1,1,0,1,1,1,1,1,0,0,0,0,1,2,0,0,2,0,0,1
"NA12872",1,0,1,1,1,0,1,1,0,0,0,0,0,0,1,0,1,0,0,1,0,0,1
"NA12873",1,0,1,1,1,0,1,1,0,0,0,0,0,0,1,0,1,0,0,1,0,0,1
"NA12874",0,0,0,0,0,0,0,0,0,0,0,0,0,0,0,0,0,0,1,0,1,1,0
"NA12889",0,0,0,0,0,0,0,0,0,0,0,0,1,1,1,0,1,1,0,1,0,0,1
"NA12890",0,1,2,2,2,1,2,2,0,0,0,0,0,0,1,0,1,0,0,1,0,0,1
"NA18486",1,0,1,1,1,0,1,1,0,0,0,1,1,0,1,0,1,0,0,1,0,0,0
"NA18487",0,0,0,0,0,0,0,0,0,0,0,1,0,0,1,0,2,0,0,1,0,0,1
"NA18489",0,0,1,1,1,0,1,1,0,0,0,0,0,0,0,0,0,0,0,0,0,0,0
"NA18498",1,0,1,1,1,0,1,1,0,0,0,1,1,0,1,0,1,0,0,1,0,1,0
"NA18499",0,0,2,2,2,0,2,2,0,0,0,1,0,0,0,0,0,0,0,0,0,0,0
"NA18502",2,0,2,2,2,0,2,2,0,0,0,0,0,0,0,0,0,0,0,0,0,0,0
"NA18505",1,0,1,1,1,0,1,1,0,0,0,0,1,0,1,0,1,0,0,1,0,0,0
"NA18508",0,0,0,0,0,0,0,0,0,0,0,1,0,0,0,0,0,0,0,0,0,0,0
"NA18510",1,0,1,1,1,0,1,1,0,0,0,0,1,0,1,0,1,0,0,1,0,0,0
"NA18511",0,0,0,0,0,0,0,0,0,0,0,2,0,0,0,0,0,0,0,1,0,0,0
"NA18517",1,0,2,2,2,0,2,2,0,0,0,0,0,0,0,0,0,0,0,0,0,0,0
"NA18519",0,0,0,0,0,0,0,0,0,0,0,1,1,1,1,0,1,0,0,1,0,0,1
"NA18520",1,1,1,1,2,0,2,2,0,0,0,1,0,0,0,0,1,0,0,1,0,0,0
"NA18858",1,0,2,2,2,0,2,2,0,0,0,1,1,0,1,0,1,0,0,1,0,0,0
"NA18861",0,0,2,2,2,0,2,2,0,0,0,1,0,0,0,0,0,0,0,0,0,0,0
"NA18867",0,0,1,1,1,0,1,1,0,0,0,0,0,1,0,0,0,0,2,0,2,2,0
"NA18868",1,0,2,2,2,0,2,2,0,0,0,0,1,0,1,0,1,0,0,1,0,0,0
"NA18870",1,0,1,1,1,0,1,1,0,0,0,0,2,0,2,0,2,0,0,2,0,0,0
"NA18873",0,1,0,0,1,0,1,1,0,0,0,0,1,1,1,0,1,0,0,1,0,0,1
"NA18907",0,0,1,1,1,0,1,1,0,0,0,2,0,0,0,0,1,0,0,0,0,0,0
"NA18908",1,0,1,1,1,0,1,1,0,0,0,1,1,1,1,0,1,0,0,1,0,0,1
"NA18909",1,0,1,1,1,0,1,1,0,0,0,1,1,1,1,0,2,0,0,1,0,0,1
"NA18910",1,0,1,1,1,0,1,1,0,0,0,0,1,0,1,0,2,0,0,2,0,0,0
"NA18912",2,0,2,2,2,0,2,2,0,0,0,0,1,0,1,0,1,0,0,1,0,0,0
"NA18916",0,0,1,1,1,0,1,1,0,0,0,0,0,0,0,0,0,0,0,0,0,0,0
"NA18917",1,0,1,1,1,0,1,1,0,0,0,1,0,0,0,0,0,0,0,0,0,0,0
"NA18923",0,0,0,0,0,0,0,0,0,0,0,1,0,0,0,0,0,0,0,0,0,0,0
"NA18933",0,0,1,1,1,0,1,1,0,0,0,0,0,0,0,0,0,0,0,0,0,0,0
"NA18934",0,0,0,0,0,0,0,0,0,0,0,0,0,0,0,0,2,0,0,2,0,0,0
"NA19093",1,0,1,1,1,0,1,1,0,0,1,0,0,0,0,0,1,0,0,1,0,0,0
"NA19095",1,0,0,0,0,0,0,0,0,0,0,0,0,0,0,0,0,0,1,0,1,0,0
"NA19096",0,0,0,0,0,0,0,0,0,0,0,1,0,0,0,0,1,0,1,0,1,1,0
"NA19098",0,0,1,1,1,0,1,1,0,0,0,1,0,0,0,0,0,0,0,0,0,0,0
"NA19099",0,0,0,0,0,0,0,0,0,0,0,0,1,0,1,0,1,0,0,1,0,0,0
"NA19102",0,0,0,0,0,0,0,0,0,0,0,1,0,0,0,0,0,0,1,0,1,1,0
"NA19107",0,0,0,0,0,0,0,0,0,0,0,0,0,0,0,0,0,0,0,0,0,0,0
"NA19108",0,0,0,0,0,0,0,0,0,0,0,0,0,0,0,0,1,0,0,1,0,0,0
"NA19113",1,0,2,2,2,0,2,2,0,0,0,1,0,0,0,0,0,0,0,0,0,0,0
"NA19114",0,0,2,2,2,0,2,2,0,0,0,0,1,0,1,0,1,0,0,1,0,0,0
"NA19116",0,0,0,0,0,0,0,0,0,0,0,0,1,1,1,0,2,0,0,2,0,0,1
"NA19117",0,1,1,1,2,0,2,2,0,0,0,0,0,0,0,0,1,0,0,1,0,0,0
"NA19118",1,0,1,1,1,0,1,1,0,0,0,1,1,0,1,0,1,0,0,2,0,0,0
"NA19119",1,0,1,1,1,0,1,1,0,0,0,1,1,0,1,0,1,0,0,1,0,0,0
"NA19121",0,0,0,0,0,0,0,0,0,0,0,0,0,0,0,0,0,0,1,0,1,1,0
"NA19129",0,0,2,2,2,0,2,2,0,0,0,0,0,0,1,0,1,0,0,1,0,0,1
"NA19130",1,0,1,1,1,0,1,1,0,0,0,1,1,1,1,0,1,0,0,2,0,0,1
"NA19131",1,0,0,0,0,0,0,0,0,0,0,1,1,0,1,0,1,0,0,1,0,0,0
"NA19137",0,0,2,2,2,0,2,2,0,0,0,0,0,0,0,0,0,0,0,0,0,0,0
"NA19138",0,0,2,2,2,0,2,2,0,0,0,1,1,0,1,0,1,0,0,1,0,0,0
"NA19146",1,0,1,1,1,0,1,1,0,0,0,0,0,0,0,0,0,0,0,0,0,0,0
"NA19147",1,1,2,2,2,0,2,2,1,0,1,0,1,0,1,0,2,0,0,2,0,0,1
"NA19149",0,0,1,1,1,0,1,1,0,0,0,1,0,0,0,0,0,0,0,0,0,0,0
"NA19150",1,0,1,1,1,0,1,1,0,0,0,0,1,0,1,0,1,0,0,1,0,0,0
"NA19152",0,0,0,0,0,0,0,0,0,0,0,0,0,0,0,0,0,0,0,0,0,0,0
"NA19160",1,0,2,2,2,0,2,2,0,0,0,0,1,1,1,0,1,0,0,1,0,0,1
"NA19171",2,0,1,1,1,0,1,1,0,0,0,1,1,0,1,0,1,0,0,1,0,0,0
"NA19172",0,0,0,0,0,0,0,0,0,0,0,0,0,0,0,0,1,0,1,1,1,1,0
"NA19175",0,0,1,1,1,0,1,1,0,0,0,1,0,0,0,0,0,0,0,0,0,0,0
"NA19185",1,0,1,1,1,0,1,1,0,0,0,1,2,0,1,0,1,0,0,1,0,0,0
"NA19189",0,0,2,2,2,0,2,2,0,0,0,0,0,0,0,0,0,0,0,0,0,0,0
"NA19190",0,0,0,0,0,0,0,0,0,0,0,0,0,0,0,0,1,0,0,1,0,0,0
"NA19197",1,0,1,1,1,0,1,1,0,0,0,1,0,0,0,0,0,0,0,0,0,0,0
"NA19198",1,0,2,2,2,0,2,2,0,0,0,0,2,0,2,0,2,0,0,2,0,0,0
"NA19200",1,0,2,2,2,0,2,2,0,0,0,0,1,0,1,0,1,0,0,1,0,0,0
"NA19204",0,0,1,1,1,0,1,1,0,0,0,0,0,0,0,0,1,0,1,1,1,1,0
"NA19207",1,0,1,1,1,0,1,1,0,0,0,1,0,0,0,0,0,0,0,1,0,0,0
"NA19209",1,0,1,1,1,0,1,1,0,0,0,0,1,0,1,0,1,0,1,1,1,1,0
"NA19213",0,0,1,1,1,0,1,1,0,0,0,0,0,0,0,0,0,0,1,0,1,1,0
"NA19222",0,0,0,0,0,0,0,0,0,0,1,0,1,1,1,0,1,0,0,1,0,0,1
"NA19223",1,0,1,1,1,0,1,1,0,0,0,0,0,0,0,0,0,0,0,0,0,0,0
"NA19225",0,0,0,0,0,0,0,0,0,0,0,2,0,0,0,0,0,0,0,1,0,0,0
"NA19235",1,0,1,1,1,0,1,1,0,0,0,0,0,0,0,0,0,0,0,0,0,0,0
"NA19236",1,0,1,1,1,0,1,1,0,0,0,0,0,0,0,0,0,0,0,0,0,0,0
"NA19247",0,0,0,0,0,0,0,0,0,0,0,1,0,0,0,0,0,0,0,0,0,0,0
"NA19248",2,0,2,2,2,0,2,2,0,0,0,1,0,0,0,0,1,0,0,0,0,0,0
"NA19256",1,0,1,1,1,0,1,1,0,0,0,0,1,0,1,0,1,0,0,1,0,0,0
"NA19257",0,0,1,1,1,0,1,1,0,0,0,2,0,0,0,0,1,0,0,0,0,0,0
"NA20502",1,0,0,0,0,0,0,0,0,0,0,1,0,0,0,1,1,0,0,1,0,0,0
"NA20503",1,1,1,1,1,0,1,1,1,1,1,0,0,0,0,0,1,0,1,1,1,1,1
"NA20504",0,1,1,1,1,0,1,1,1,1,1,0,0,0,0,0,1,0,0,1,0,0,1
"NA20505",0,1,1,1,1,0,1,1,1,1,1,0,0,0,0,0,1,0,1,1,1,1,1
"NA20506",1,1,1,1,1,0,1,1,1,1,1,0,0,0,1,0,2,0,0,2,0,0,2
"NA20507",0,0,0,0,0,0,0,0,0,0,0,0,0,0,0,0,0,0,0,0,0,0,0
"NA20508",0,2,2,2,2,0,2,2,2,2,2,0,0,0,0,0,1,0,1,1,1,1,1
"NA20509",0,0,0,0,0,0,0,0,0,0,0,0,0,0,1,0,2,0,0,2,0,0,2
"NA20510",1,0,1,1,1,0,1,1,0,0,0,0,1,1,1,0,1,1,1,1,1,1,1
"NA20512",1,0,0,0,0,0,0,0,0,0,0,1,0,0,0,1,1,0,0,1,0,0,0
"NA20513",0,0,0,0,0,0,0,0,0,0,0,0,0,0,0,0,0,0,0,0,0,0,0
"NA20515",0,2,2,2,2,0,2,2,2,2,2,0,0,0,0,0,2,0,0,2,0,0,2
"NA20516",0,1,2,2,2,0,2,2,1,1,1,0,0,0,0,0,1,0,1,1,1,1,1
"NA20517",1,0,1,1,1,0,1,1,0,0,0,0,1,1,1,0,1,1,0,0,0,0,0
"NA20518",1,1,2,2,2,1,2,2,0,0,0,0,0,0,0,0,0,0,0,0,0,0,0
"NA20519",0,1,1,1,1,0,1,1,1,1,1,0,0,0,0,0,1,0,1,1,1,1,1
"NA20520",0,0,0,0,0,0,0,0,0,0,0,0,0,0,0,0,0,0,1,0,1,1,0
"NA20521",1,1,2,2,2,0,2,2,1,1,1,0,0,0,1,0,2,0,0,2,0,0,2
"NA20524",0,0,0,0,0,0,0,0,0,0,0,0,0,0,0,1,1,0,1,1,1,1,0
"NA20525",1,1,2,2,2,0,2,2,1,1,1,0,0,0,1,0,2,0,0,2,0,0,1
"NA20527",0,0,0,0,0,0,0,0,0,0,0,0,0,0,0,1,1,0,0,1,0,1,0
"NA20528",0,1,1,1,1,0,1,1,1,1,1,0,0,0,0,0,1,0,1,1,1,1,1
"NA20529",0,0,0,0,0,0,0,0,0,0,0,0,0,0,0,0,0,0,1,0,1,1,0
"NA20530",0,0,0,0,0,0,0,0,0,0,0,1,0,0,0,0,0,0,0,0,0,0,0
"NA20531",0,0,1,1,1,0,1,1,0,0,0,0,0,0,0,0,0,0,0,0,0,0,0
"NA20532",0,0,0,0,0,0,0,0,0,0,0,0,0,0,0,0,0,0,0,0,0,0,0
"NA20534",1,0,0,0,0,0,0,0,0,0,0,0,0,0,0,0,0,0,1,0,1,1,0
"NA20535",0,0,0,0,0,0,0,0,0,0,0,0,0,0,0,0,0,0,1,0,1,1,0
"NA20536",0,0,0,0,0,0,0,0,0,0,0,0,0,0,0,0,0,0,1,0,1,1,0
"NA20537",1,0,0,0,0,0,0,0,1,1,1,0,0,0,0,0,1,0,0,1,0,0,1
"NA20538",0,2,2,2,2,0,2,2,2,2,2,0,0,0,0,0,2,0,0,2,0,0,2
"NA20539",0,0,0,0,0,0,0,0,0,0,0,0,0,0,0,0,0,0,1,0,1,1,0
"NA20540",0,0,0,0,0,0,0,0,0,0,0,0,0,0,0,1,1,0,1,1,1,1,0
"NA20541",0,0,2,2,2,0,2,2,0,0,0,0,0,0,0,0,1,0,0,1,0,1,1
"NA20542",0,2,2,2,2,2,2,2,0,0,0,0,0,0,1,0,1,0,0,1,0,0,1
"NA20543",0,0,0,0,0,0,0,0,0,0,0,0,0,0,0,0,0,0,0,0,0,0,0
"NA20544",0,2,2,2,2,0,2,2,2,2,2,0,0,0,0,0,2,0,0,2,0,0,2
"NA20581",0,0,0,0,0,0,0,0,0,0,0,0,0,0,1,0,1,0,1,1,1,1,1
"NA20582",0,1,2,2,2,0,2,2,2,2,2,0,0,0,0,0,1,0,1,1,1,1,1
"NA20585",1,1,1,1,1,0,1,1,1,1,1,1,0,0,0,1,2,0,0,2,0,0,1
"NA20586",0,0,0,0,0,0,0,0,0,0,0,0,0,0,0,0,0,0,1,0,1,1,0
"NA20588",0,0,0,0,0,0,0,0,0,0,0,1,0,0,0,1,1,0,0,1,0,1,0
"NA20589",0,0,1,1,1,0,1,1,0,0,0,0,0,0,0,0,0,0,2,0,2,2,0
"NA20752",0,1,1,1,1,0,1,1,1,1,1,0,0,0,0,0,1,0,0,1,0,0,0
"NA20754",0,1,1,1,1,1,1,1,0,0,0,0,0,0,1,1,2,0,0,2,0,0,1
"NA20756",0,0,0,0,0,0,0,0,0,0,0,1,0,0,0,0,0,0,0,0,0,0,0
"NA20757",0,1,1,1,1,1,1,1,0,0,0,0,0,0,1,0,1,0,0,1,0,0,1
"NA20758",0,0,0,0,0,0,0,0,0,0,0,0,0,0,0,0,0,0,0,0,0,0,0
"NA20759",0,0,0,0,0,0,0,0,0,0,0,0,0,0,0,0,1,0,0,1,0,0,1
"NA20760",0,1,1,1,1,1,1,1,0,0,0,0,0,0,0,0,0,0,0,0,0,0,0
"NA20761",0,1,1,1,1,0,1,1,1,1,1,0,0,0,0,0,1,0,0,1,0,0,1
"NA20765",0,1,1,1,1,0,1,1,1,1,1,0,0,0,0,0,1,0,1,1,1,1,1
"NA20766",0,0,0,0,0,0,0,0,0,0,0,0,0,0,0,0,0,0,1,0,1,1,0
"NA20768",0,1,2,2,2,0,2,2,0,1,1,0,0,0,0,0,2,0,0,2,0,1,2
"NA20769",1,0,0,0,0,0,0,0,0,1,1,0,0,0,0,0,0,0,1,0,1,1,0
"NA20770",0,1,1,1,1,0,1,1,0,0,0,0,0,0,0,0,0,0,0,0,0,0,0
"NA20771",0,0,0,0,0,0,0,0,0,0,0,0,0,0,1,1,2,0,0,2,0,0,1
"NA20772",0,0,0,0,0,0,0,0,0,0,0,0,0,0,0,0,0,0,1,0,1,1,0
"NA20773",0,1,1,1,1,0,1,1,0,0,0,0,0,0,1,1,2,0,0,2,0,0,1
"NA20774",0,1,1,1,1,1,1,1,0,0,0,0,0,0,0,0,0,0,0,0,0,0,0
"NA20778",1,1,1,1,1,0,1,1,1,1,1,0,0,0,0,0,1,0,1,1,1,1,1
"NA20783",0,0,0,0,0,0,0,0,0,0,0,0,0,0,0,0,0,0,1,0,1,1,0
"NA20785",0,0,0,0,0,0,0,0,0,0,0,0,0,0,0,1,1,0,1,1,1,1,0
"NA20786",0,1,1,1,1,0,1,1,1,1,1,0,0,0,0,0,1,0,1,1,1,1,1
"NA20787",1,0,1,1,1,0,1,1,0,0,0,0,1,1,1,0,1,1,1,1,1,1,1
"NA20790",0,0,0,0,0,0,0,0,0,0,0,0,0,0,0,0,0,0,0,0,0,0,0
"NA20792",0,0,0,0,0,0,0,0,0,0,0,0,0,0,0,0,0,0,1,0,1,1,0
"NA20795",0,0,0,0,0,0,0,0,0,0,0,0,0,0,0,0,0,0,1,0,1,1,0
"NA20796",0,0,0,0,0,0,0,0,0,0,0,0,0,0,0,0,0,0,1,0,1,1,0
"NA20797",1,0,1,1,1,0,1,1,1,1,1,0,0,0,0,0,1,0,0,2,0,0,2
"NA20798",0,0,1,1,1,0,1,1,0,0,0,0,0,0,0,0,1,0,0,1,0,1,1
"NA20799",0,0,1,1,1,0,1,1,0,0,0,0,0,0,0,0,0,0,1,0,1,1,0
"NA20800",0,1,1,1,1,0,1,1,1,1,1,0,0,0,0,0,1,0,0,1,0,0,1
"NA20801",0,0,0,0,0,0,0,0,0,0,0,0,0,0,0,0,0,0,0,0,0,0,0
"NA20802",0,1,1,1,1,0,1,1,1,1,1,0,0,0,0,0,1,0,0,1,0,0,1
"NA20803",0,0,1,1,1,0,1,1,0,0,0,0,0,0,0,0,0,0,2,0,2,2,0
"NA20804",0,1,1,1,1,0,1,1,1,1,1,0,0,0,0,0,1,0,1,1,1,1,1
"NA20805",0,1,1,1,1,1,1,1,0,0,0,1,0,0,0,0,0,0,0,0,0,0,0
"NA20806",0,1,1,1,1,0,1,1,1,1,1,0,0,0,0,0,1,0,0,1,0,0,1
"NA20807",1,0,1,1,1,0,1,1,0,0,0,0,0,0,1,0,1,0,0,1,0,0,2
"NA20808",1,1,2,2,2,0,2,2,0,0,0,0,1,1,2,0,2,1,0,2,0,0,1
"NA20809",0,0,0,0,0,0,0,0,0,0,0,0,0,0,0,0,0,0,1,0,1,1,0
"NA20810",0,0,0,0,0,0,0,0,0,0,0,0,0,0,0,0,0,0,0,0,0,0,0
"NA20811",0,0,1,1,1,0,1,1,0,0,0,0,0,0,0,0,1,0,1,1,1,1,1
"NA20812",0,1,1,1,1,0,1,1,1,1,1,0,0,0,0,1,1,0,0,1,0,0,0
"NA20813",1,0,1,1,1,0,1,1,0,0,0,0,0,0,1,0,1,0,0,1,0,0,1
"NA20814",1,0,1,1,1,0,1,1,0,0,0,0,1,1,1,0,1,1,0,1,0,0,1
"NA20815",1,0,0,0,0,0,0,0,0,0,0,1,0,0,0,1,1,0,0,1,0,0,0
"NA20816",0,0,0,0,0,0,0,0,0,0,0,0,0,0,0,1,1,0,0,1,0,0,0
"NA20819",1,0,1,1,1,0,1,1,0,0,0,0,0,0,1,0,1,0,0,1,0,0,1
"NA20826",0,1,1,1,1,1,1,1,0,0,0,0,0,0,1,0,1,0,0,1,0,0,1
"NA20828",0,1,1,1,1,0,1,1,1,1,1,1,0,0,0,0,1,0,0,1,0,0,1
